-- Adminer 3.5.1 MySQL dump

SET NAMES utf8;
SET foreign_key_checks = 0;
SET time_zone = 'SYSTEM';
SET sql_mode = 'NO_AUTO_VALUE_ON_ZERO';

DROP TABLE IF EXISTS `backoffice_core_cities`;
CREATE TABLE `backoffice_core_cities` (
  `id` int(11) NOT NULL AUTO_INCREMENT,
  `title` varchar(255) DEFAULT NULL,
  PRIMARY KEY (`id`)
) ENGINE=InnoDB DEFAULT CHARSET=utf8;

INSERT INTO `backoffice_core_cities` (`id`, `title`) VALUES
(1,	'Praha'),
(2,	'Adamov'),
(3,	'Borek'),
(4,	'Borovany'),
(5,	'Borovnice'),
(6,	'Boršov nad Vltavou'),
(7,	'Bošilec'),
(8,	'Branišov'),
(9,	'Břehov'),
(10,	'Čakov'),
(11,	'Čejkovice'),
(12,	'České Budějovice'),
(13,	'Čížkrajice'),
(14,	'Dasný'),
(15,	'Dívčice'),
(16,	'Dobrá Voda u Českých Budějovic'),
(17,	'Dolní Bukovsko'),
(18,	'Doubravice'),
(19,	'Doudleby'),
(20,	'Drahotěšice'),
(21,	'Dražíč'),
(22,	'Dříteň'),
(23,	'Dubičné'),
(24,	'Dubné'),
(25,	'Dynín'),
(26,	'Heřmaň'),
(27,	'Hlavatce'),
(28,	'Hlincová Hora'),
(29,	'Hluboká nad Vltavou'),
(30,	'Homole'),
(31,	'Horní Stropnice'),
(32,	'Hosín'),
(33,	'Hosty'),
(34,	'Hradce'),
(35,	'Hranice'),
(36,	'Hrdějovice'),
(37,	'Hůry'),
(38,	'Hvozdec'),
(39,	'Chotýčany'),
(40,	'Jankov'),
(41,	'Jílovice'),
(42,	'Jivno'),
(43,	'Kamenná'),
(44,	'Kamenný Újezd'),
(45,	'Kvítkovice'),
(46,	'Ledenice'),
(47,	'Libín'),
(48,	'Libníč'),
(49,	'Lipí'),
(50,	'Lišov'),
(51,	'Litvínovice'),
(52,	'Ločenice'),
(53,	'Mazelov'),
(54,	'Mladošovice'),
(55,	'Mokrý Lom'),
(56,	'Mydlovary'),
(57,	'Nákří'),
(58,	'Nedabyle'),
(59,	'Neplachov'),
(60,	'Nová Ves'),
(61,	'Nové Hrady'),
(62,	'Olešnice'),
(63,	'Olešník'),
(64,	'Ostrolovský Újezd'),
(65,	'Petříkov'),
(66,	'Pištín'),
(67,	'Planá'),
(68,	'Radošovice'),
(69,	'Roudné'),
(70,	'Rudolfov'),
(71,	'Římov'),
(72,	'Sedlec'),
(73,	'Slavče'),
(74,	'Srubec'),
(75,	'Staré Hodějovice'),
(76,	'Strážkovice'),
(77,	'Svatý Jan nad Malší'),
(78,	'Ševětín'),
(79,	'Štěpánovice'),
(80,	'Temelín'),
(81,	'Trhové Sviny'),
(82,	'Týn nad Vltavou'),
(83,	'Úsilné'),
(84,	'Včelná'),
(85,	'Vidov'),
(86,	'Vitín'),
(87,	'Vlkov'),
(88,	'Vrábče'),
(89,	'Vráto'),
(90,	'Všemyslice'),
(91,	'Záboří'),
(92,	'Zahájí'),
(93,	'Zliv'),
(94,	'Zvíkov'),
(95,	'Žabovřesky'),
(96,	'Žár'),
(97,	'Benešov nad Černou'),
(98,	'Besednice'),
(99,	'Bohdalovice'),
(100,	'Brloh'),
(101,	'Bujanov'),
(102,	'Černá v Pošumaví'),
(103,	'Český Krumlov'),
(104,	'Dolní Dvořiště'),
(105,	'Dolní Třebonín'),
(106,	'Frymburk'),
(107,	'Holubov'),
(108,	'Horní Dvořiště'),
(109,	'Horní Planá'),
(110,	'Hořice na Šumavě'),
(111,	'Chlumec'),
(112,	'Chvalšiny'),
(113,	'Kájov'),
(114,	'Kaplice'),
(115,	'Křemže'),
(116,	'Lipno nad Vltavou'),
(117,	'Loučovice'),
(118,	'Malonty'),
(119,	'Malšín'),
(120,	'Mirkovice'),
(121,	'Mojné'),
(122,	'Netřebice'),
(123,	'Nová Ves'),
(124,	'Omlenice'),
(125,	'Pohorská Ves'),
(126,	'Přední Výtoň'),
(127,	'Přídolí'),
(128,	'Přísečná'),
(129,	'Rožmberk nad Vltavou'),
(130,	'Rožmitál na Šumavě'),
(131,	'Srnín'),
(132,	'Střítež'),
(133,	'Světlík'),
(134,	'Velešín'),
(135,	'Větřní'),
(136,	'Věžovatá Pláně'),
(137,	'Vyšší Brod'),
(138,	'Zlatá Koruna'),
(139,	'Zubčice'),
(140,	'Bednáreček'),
(141,	'Blažejov'),
(142,	'Bořetín'),
(143,	'Budíškovice'),
(144,	'Cep'),
(145,	'Cizkrajov'),
(146,	'České Velenice'),
(147,	'Český Rudolec'),
(148,	'Číměř'),
(149,	'Člunek'),
(150,	'Dačice'),
(151,	'Dešná'),
(152,	'Deštná'),
(153,	'Dívčí Kopy'),
(154,	'Dolní Pěna'),
(155,	'Domanín'),
(156,	'Dvory nad Lužnicí'),
(157,	'Frahelž'),
(158,	'Halámky'),
(159,	'Hamr'),
(160,	'Horní Pěna'),
(161,	'Horní Radouň'),
(162,	'Horní Slatina'),
(163,	'Hospříz'),
(164,	'Hříšice'),
(165,	'Chlum u Třeboně'),
(166,	'Jarošov nad Nežárkou'),
(167,	'Jilem'),
(168,	'Jindřichův Hradec'),
(169,	'Kačlehy'),
(170,	'Kardašova Řečice'),
(171,	'Kunžak'),
(172,	'Lásenice'),
(173,	'Lodhéřov'),
(174,	'Lomnice nad Lužnicí'),
(175,	'Lužnice'),
(176,	'Majdalena'),
(177,	'Nová Bystřice'),
(178,	'Nová Včelnice'),
(179,	'Nová Ves nad Lužnicí'),
(180,	'Novosedly nad Nežárkou'),
(181,	'Okrouhlá Radouň'),
(182,	'Peč'),
(183,	'Písečné'),
(184,	'Pístina'),
(185,	'Plavsko'),
(186,	'Pluhův Žďár'),
(187,	'Polště'),
(188,	'Ponědraž'),
(189,	'Popelín'),
(190,	'Příbraz'),
(191,	'Rapšach'),
(192,	'Ratiboř'),
(193,	'Rodvínov'),
(194,	'Roseč'),
(195,	'Slavonice'),
(196,	'Smržov'),
(197,	'Staňkov'),
(198,	'Staré Hobzí'),
(199,	'Staré Město pod Landštejnem'),
(200,	'Stráž nad Nežárkou'),
(201,	'Strmilov'),
(202,	'Stříbřec'),
(203,	'Střížovice'),
(204,	'Studená'),
(205,	'Suchdol nad Lužnicí'),
(206,	'Světce'),
(207,	'Třeboň'),
(208,	'Velký Ratmírov'),
(209,	'Vícemil'),
(210,	'Volfířov'),
(211,	'Zahrádky'),
(212,	'Albrechtice nad Vltavou'),
(213,	'Bernartice'),
(214,	'Branice'),
(215,	'Cerhonice'),
(216,	'Čimelice'),
(217,	'Čížová'),
(218,	'Dobev'),
(219,	'Dolní Novosedly'),
(220,	'Drhovle'),
(221,	'Heřmaň'),
(222,	'Horosedly'),
(223,	'Hrazany'),
(224,	'Hrejkovice'),
(225,	'Chyšky'),
(226,	'Jetětice'),
(227,	'Kestřany'),
(228,	'Kluky'),
(229,	'Kovářov'),
(230,	'Kožlí'),
(231,	'Králova Lhota'),
(232,	'Křenovice'),
(233,	'Kučeř'),
(234,	'Lety'),
(235,	'Milevsko'),
(236,	'Minice'),
(237,	'Mirotice'),
(238,	'Mirovice'),
(239,	'Mišovice'),
(240,	'Myslín'),
(241,	'Nevězice'),
(242,	'Olešná'),
(243,	'Osek'),
(244,	'Oslov'),
(245,	'Ostrovec'),
(246,	'Paseky'),
(247,	'Písek'),
(248,	'Podolí I'),
(249,	'Protivín'),
(250,	'Předotice'),
(251,	'Putim'),
(252,	'Rakovice'),
(253,	'Ražice'),
(254,	'Sepekov'),
(255,	'Skály'),
(256,	'Slabčice'),
(257,	'Smetanova Lhota'),
(258,	'Stehlovice'),
(259,	'Varvažov'),
(260,	'Veselíčko'),
(261,	'Vlastec'),
(262,	'Vojníkov'),
(263,	'Vráž'),
(264,	'Vrcovice'),
(265,	'Záhoří'),
(266,	'Zbelítov'),
(267,	'Zběšičky'),
(268,	'Zhoř'),
(269,	'Žďár'),
(270,	'Babice'),
(271,	'Bohumilice'),
(272,	'Bohunice'),
(273,	'Bošice'),
(274,	'Budkov'),
(275,	'Buk'),
(276,	'Bušanovice'),
(277,	'Čkyně'),
(278,	'Drslavice'),
(279,	'Dub'),
(280,	'Horní Vltavice'),
(281,	'Hracholusky'),
(282,	'Husinec'),
(283,	'Chlumany'),
(284,	'Chroboly'),
(285,	'Chvalovice'),
(286,	'Křišťanov'),
(287,	'Ktiš'),
(288,	'Kubova Huť'),
(289,	'Kvilda'),
(290,	'Lčovice'),
(291,	'Lenora'),
(292,	'Lhenice'),
(293,	'Mahouš'),
(294,	'Malovice'),
(295,	'Mičovice'),
(296,	'Nebahovy'),
(297,	'Němčice'),
(298,	'Netolice'),
(299,	'Nová Pec'),
(300,	'Nové Hutě'),
(301,	'Olšovice'),
(302,	'Pěčnov'),
(303,	'Prachatice'),
(304,	'Radhostice'),
(305,	'Stachy'),
(306,	'Stožec'),
(307,	'Strážný'),
(308,	'Strunkovice nad Blanicí'),
(309,	'Svatá Maří'),
(310,	'Šumavské Hoštice'),
(311,	'Těšovice'),
(312,	'Vacov'),
(313,	'Vimperk'),
(314,	'Vitějovice'),
(315,	'Vlachovo Březí'),
(316,	'Volary'),
(317,	'Vrbice'),
(318,	'Záblatí'),
(319,	'Zálezly'),
(320,	'Zbytiny'),
(321,	'Zdíkov'),
(322,	'Želnava'),
(323,	'Žernovice'),
(324,	'Bavorov'),
(325,	'Bělčice'),
(326,	'Bezdědovice'),
(327,	'Bílsko'),
(328,	'Blatná'),
(329,	'Buzice'),
(330,	'Cehnice'),
(331,	'Čejetice'),
(332,	'Čepřovice'),
(333,	'Čestice'),
(334,	'Číčenice'),
(335,	'Doubravice'),
(336,	'Drahonice'),
(337,	'Drážov'),
(338,	'Droužetice'),
(339,	'Dřešín'),
(340,	'Hájek'),
(341,	'Hlupín'),
(342,	'Horní Poříčí'),
(343,	'Hoslovice'),
(344,	'Chelčice'),
(345,	'Chlum'),
(346,	'Chobot'),
(347,	'Chrášťovice'),
(348,	'Jinín'),
(349,	'Kadov'),
(350,	'Kalenice'),
(351,	'Katovice'),
(352,	'Kocelovice'),
(353,	'Kraselov'),
(354,	'Krašlovice'),
(355,	'Libějovice'),
(356,	'Lnáře'),
(357,	'Lom'),
(358,	'Malenice'),
(359,	'Mečichov'),
(360,	'Miloňovice'),
(361,	'Mnichov'),
(362,	'Mutěnice'),
(363,	'Myštice'),
(364,	'Nebřehovice'),
(365,	'Němčice'),
(366,	'Němětice'),
(367,	'Nihošovice'),
(368,	'Nišovice'),
(369,	'Nová Ves'),
(370,	'Novosedly'),
(371,	'Osek'),
(372,	'Paračov'),
(373,	'Pivkovice'),
(374,	'Pohorovice'),
(375,	'Pracejovice'),
(376,	'Předmíř'),
(377,	'Předslavice'),
(378,	'Přechovice'),
(379,	'Přešťovice'),
(380,	'Radomyšl'),
(381,	'Radošovice'),
(382,	'Rovná'),
(383,	'Řepice'),
(384,	'Sedlice'),
(385,	'Skočice'),
(386,	'Sousedovice'),
(387,	'Stožice'),
(388,	'Strakonice'),
(389,	'Strašice'),
(390,	'Střelské Hoštice'),
(391,	'Škvořetice'),
(392,	'Štěchovice'),
(393,	'Štěkeň'),
(394,	'Tchořovice'),
(395,	'Truskovice'),
(396,	'Únice'),
(397,	'Uzenice'),
(398,	'Velká Turná'),
(399,	'Vodňany'),
(400,	'Volenice'),
(401,	'Volyně'),
(402,	'Záboří'),
(403,	'Balkova Lhota'),
(404,	'Bečice'),
(405,	'Bechyně'),
(406,	'Borotín'),
(407,	'Černýšovice'),
(408,	'Dírná'),
(409,	'Dlouhá Lhota'),
(410,	'Dobronice u Bechyně'),
(411,	'Dolní Hořice'),
(412,	'Dolní Hrachovice'),
(413,	'Drahov'),
(414,	'Dráchov'),
(415,	'Dražice'),
(416,	'Hlasivo'),
(417,	'Hlavatce'),
(418,	'Hodonice'),
(419,	'Chotěmice'),
(420,	'Chotoviny'),
(421,	'Choustník'),
(422,	'Chrbonín'),
(423,	'Chýnov'),
(424,	'Jistebnice'),
(425,	'Katov'),
(426,	'Košice'),
(427,	'Košín'),
(428,	'Krátošice'),
(429,	'Libějice'),
(430,	'Lom'),
(431,	'Malšice'),
(432,	'Meziříčí'),
(433,	'Mladá Vožice'),
(434,	'Myslkovice'),
(435,	'Nadějkov'),
(436,	'Nemyšl'),
(437,	'Nová Ves u Chýnova'),
(438,	'Nová Ves u Mladé Vožice'),
(439,	'Opařany'),
(440,	'Planá nad Lužnicí'),
(441,	'Přehořov'),
(442,	'Radenín'),
(443,	'Rataje'),
(444,	'Ratibořské Hory'),
(445,	'Roudná'),
(446,	'Řepeč'),
(447,	'Řípec'),
(448,	'Sezimovo Ústí'),
(449,	'Skalice'),
(450,	'Skopytce'),
(451,	'Skrýchov u Malšic'),
(452,	'Slapy'),
(453,	'Smilovy Hory'),
(454,	'Soběslav'),
(455,	'Sudoměřice u Bechyně'),
(456,	'Sudoměřice u Tábora'),
(457,	'Sviny'),
(458,	'Šebířov'),
(459,	'Tábor'),
(460,	'Třebějice'),
(461,	'Tučapy'),
(462,	'Turovec'),
(463,	'Ústrašice'),
(464,	'Val'),
(465,	'Vesce'),
(466,	'Veselí nad Lužnicí'),
(467,	'Vilice'),
(468,	'Vlastiboř'),
(469,	'Vlčeves'),
(470,	'Vodice'),
(471,	'Záhoří'),
(472,	'Zálší'),
(473,	'Zhoř u Mladé Vožice'),
(474,	'Zlukov'),
(475,	'Zvěrotice'),
(476,	'Želeč'),
(477,	'Žíšov'),
(478,	'Adamov'),
(479,	'Bedřichov'),
(480,	'Benešov'),
(481,	'Blansko'),
(482,	'Borotín'),
(483,	'Bořitov'),
(484,	'Boskovice'),
(485,	'Brťov-Jeneč'),
(486,	'Bukovina'),
(487,	'Bukovinka'),
(488,	'Býkovice'),
(489,	'Cetkovice'),
(490,	'Černá Hora'),
(491,	'Černovice'),
(492,	'Deštná'),
(493,	'Dlouhá Lhota'),
(494,	'Doubravice nad Svitavou'),
(495,	'Drnovice'),
(496,	'Habrůvka'),
(497,	'Holštejn'),
(498,	'Horní Poříčí'),
(499,	'Horní Smržov'),
(500,	'Chrudichromy'),
(501,	'Jedovnice'),
(502,	'Knínice u Boskovic'),
(503,	'Kořenec'),
(504,	'Kotvrdovice'),
(505,	'Kozárov'),
(506,	'Krasová'),
(507,	'Křtiny'),
(508,	'Kunice'),
(509,	'Kuničky'),
(510,	'Kunštát'),
(511,	'Lazinov'),
(512,	'Letovice'),
(513,	'Lhota Rapotina'),
(514,	'Lhota u Lysic'),
(515,	'Lipovec'),
(516,	'Lipůvka'),
(517,	'Ludíkov'),
(518,	'Lysice'),
(519,	'Míchov'),
(520,	'Milonice'),
(521,	'Němčice'),
(522,	'Obora'),
(523,	'Olešnice'),
(524,	'Olomučany'),
(525,	'Ostrov u Macochy'),
(526,	'Pamětice'),
(527,	'Petrov'),
(528,	'Petrovice'),
(529,	'Prostřední Poříčí'),
(530,	'Rájec-Jestřebí'),
(531,	'Ráječko'),
(532,	'Rozseč nad Kunštátem'),
(533,	'Rozsíčka'),
(534,	'Rudice'),
(535,	'Sebranice'),
(536,	'Skalice nad Svitavou'),
(537,	'Sloup'),
(538,	'Spešov'),
(539,	'Stvolová'),
(540,	'Sudice'),
(541,	'Suchý'),
(542,	'Sulíkov'),
(543,	'Svinošice'),
(544,	'Svitávka'),
(545,	'Šebetov'),
(546,	'Šebrov-Kateřina'),
(547,	'Šošůvka'),
(548,	'Štěchov'),
(549,	'Uhřice'),
(550,	'Újezd u Boskovic'),
(551,	'Újezd u Černé Hory'),
(552,	'Úsobrno'),
(553,	'Valchov'),
(554,	'Vanovice'),
(555,	'Vavřinec'),
(556,	'Vážany'),
(557,	'Velenov'),
(558,	'Velké Opatovice'),
(559,	'Vilémovice'),
(560,	'Vísky'),
(561,	'Voděrady'),
(562,	'Vranová'),
(563,	'Vysočany'),
(564,	'Zbraslavec'),
(565,	'Žďár'),
(566,	'Žďárná'),
(567,	'Žernovník'),
(568,	'Žerůtky'),
(569,	'Brno'),
(570,	'Babice nad Svitavou'),
(571,	'Babice u Rosic'),
(572,	'Běleč'),
(573,	'Bílovice nad Svitavou'),
(574,	'Biskoupky'),
(575,	'Blažovice'),
(576,	'Blučina'),
(577,	'Borač'),
(578,	'Braníškov'),
(579,	'Branišovice'),
(580,	'Bratčice'),
(581,	'Březina (dříve okres Blansko)'),
(582,	'Březina (dříve okres Tišnov)'),
(583,	'Bukovice'),
(584,	'Cvrčovice'),
(585,	'Čebín'),
(586,	'Česká'),
(587,	'Čučice'),
(588,	'Deblín'),
(589,	'Dolní Kounice'),
(590,	'Dolní Loučky'),
(591,	'Domašov'),
(592,	'Doubravník'),
(593,	'Drásov'),
(594,	'Hajany'),
(595,	'Hlína'),
(596,	'Hluboké Dvory'),
(597,	'Holasice'),
(598,	'Hostěnice'),
(599,	'Hradčany'),
(600,	'Hrušovany u Brna'),
(601,	'Chudčice'),
(602,	'Ivaň'),
(603,	'Ivančice'),
(604,	'Javůrek'),
(605,	'Jinačovice'),
(606,	'Jiříkovice'),
(607,	'Kaly'),
(608,	'Kanice'),
(609,	'Katov'),
(610,	'Ketkovice'),
(611,	'Kobylnice'),
(612,	'Kovalovice'),
(613,	'Kratochvilka'),
(614,	'Křižínkov'),
(615,	'Kupařovice'),
(616,	'Kuřim'),
(617,	'Kuřimská Nová Ves'),
(618,	'Lažánky'),
(619,	'Ledce'),
(620,	'Lelekovice'),
(621,	'Lesní Hluboké'),
(622,	'Litostrov'),
(623,	'Loděnice'),
(624,	'Lomnice'),
(625,	'Lomnička'),
(626,	'Lukovany'),
(627,	'Malešovice'),
(628,	'Malhostovice'),
(629,	'Maršov'),
(630,	'Medlov'),
(631,	'Mělčany'),
(632,	'Měnín'),
(633,	'Modřice'),
(634,	'Mokrá-Horákov'),
(635,	'Moravany'),
(636,	'Moravské Bránice'),
(637,	'Moravské Knínice'),
(638,	'Moutnice'),
(639,	'Nebovidy'),
(640,	'Nedvědice'),
(641,	'Nelepeč-Žernůvka'),
(642,	'Němčičky'),
(643,	'Neslovice'),
(644,	'Nesvačilka'),
(645,	'Níhov'),
(646,	'Nosislav'),
(647,	'Nová Ves'),
(648,	'Nové Bránice'),
(649,	'Odrovice'),
(650,	'Ochoz u Brna'),
(651,	'Olší'),
(652,	'Omice'),
(653,	'Opatovice'),
(654,	'Ořechov'),
(655,	'Oslavany'),
(656,	'Ostopovice'),
(657,	'Ostrovačice'),
(658,	'Otmarov'),
(659,	'Pasohlávky'),
(660,	'Podolí'),
(661,	'Pohořelice'),
(662,	'Ponětovice'),
(663,	'Popovice'),
(664,	'Popůvky'),
(665,	'Pozořice'),
(666,	'Prace'),
(667,	'Pravlov'),
(668,	'Prštice'),
(669,	'Předklášteří'),
(670,	'Přibice'),
(671,	'Příbram na Moravě'),
(672,	'Přibyslavice'),
(673,	'Přísnotice'),
(674,	'Radostice'),
(675,	'Rajhrad'),
(676,	'Rajhradice'),
(677,	'Rebešovice'),
(678,	'Rohozec'),
(679,	'Rosice'),
(680,	'Rozdrojovice'),
(681,	'Řícmanice'),
(682,	'Říčany'),
(683,	'Říčky'),
(684,	'Senorady'),
(685,	'Sentice'),
(686,	'Silůvky'),
(687,	'Sivice'),
(688,	'Sobotovice'),
(689,	'Sokolnice'),
(690,	'Stanoviště'),
(691,	'Střelice'),
(692,	'Svatoslav'),
(693,	'Synalov'),
(694,	'Syrovice'),
(695,	'Šerkovice'),
(696,	'Šlapanice'),
(697,	'Štěpánovice'),
(698,	'Šumice'),
(699,	'Telnice'),
(700,	'Těšany'),
(701,	'Tetčice'),
(702,	'Tišnov'),
(703,	'Trboušany'),
(704,	'Troskotovice'),
(705,	'Troubsko'),
(706,	'Tvarožná'),
(707,	'Újezd u Brna'),
(708,	'Újezd u Rosic'),
(709,	'Unín'),
(710,	'Unkovice'),
(711,	'Úsuší'),
(712,	'Velatice'),
(713,	'Veverská Bítýška'),
(714,	'Veverské Knínice'),
(715,	'Viničné Šumice'),
(716,	'Vlasatice'),
(717,	'Vohančice'),
(718,	'Vojkovice'),
(719,	'Vranov'),
(720,	'Vranovice'),
(721,	'Všechovice'),
(722,	'Vysoké Popovice'),
(723,	'Zakřany'),
(724,	'Zálesná Zhoř'),
(725,	'Zastávka'),
(726,	'Zbraslav'),
(727,	'Zbýšov'),
(728,	'Zhoř'),
(729,	'Žabčice'),
(730,	'Žatčany'),
(731,	'Želešice'),
(732,	'Železné'),
(733,	'Židlochovice'),
(734,	'Bavory'),
(735,	'Boleradice'),
(736,	'Borkovany'),
(737,	'Bořetice'),
(738,	'Brod nad Dyjí'),
(739,	'Brumovice'),
(740,	'Břeclav'),
(741,	'Březí'),
(742,	'Bulhary'),
(743,	'Diváky'),
(744,	'Dobré Pole'),
(745,	'Dolní Dunajovice'),
(746,	'Dolní Věstonice'),
(747,	'Drnholec'),
(748,	'Hlohovec'),
(749,	'Horní Bojanovice'),
(750,	'Horní Věstonice'),
(751,	'Hrušky'),
(752,	'Hustopeče'),
(753,	'Jevišovka'),
(754,	'Kašnice'),
(755,	'Klentnice'),
(756,	'Klobouky u Brna'),
(757,	'Kobylí'),
(758,	'Kostice'),
(759,	'Krumvíř'),
(760,	'Křepice'),
(761,	'Kurdějov'),
(762,	'Ladná'),
(763,	'Lanžhot'),
(764,	'Lednice'),
(765,	'Mikulov'),
(766,	'Milovice'),
(767,	'Moravská Nová Ves'),
(768,	'Moravský Žižkov'),
(769,	'Morkůvky'),
(770,	'Němčičky'),
(771,	'Nikolčice'),
(772,	'Novosedly'),
(773,	'Nový Přerov'),
(774,	'Pavlov'),
(775,	'Perná'),
(776,	'Podivín'),
(777,	'Popice'),
(778,	'Pouzdřany'),
(779,	'Přítluky'),
(780,	'Rakvice'),
(781,	'Sedlec'),
(782,	'Starovice'),
(783,	'Starovičky'),
(784,	'Strachotín'),
(785,	'Šakvice'),
(786,	'Šitbořice'),
(787,	'Tvrdonice'),
(788,	'Týnec'),
(789,	'Uherčice'),
(790,	'Valtice'),
(791,	'Velké Bílovice'),
(792,	'Velké Hostěrádky'),
(793,	'Velké Němčice'),
(794,	'Velké Pavlovice'),
(795,	'Vrbice'),
(796,	'Zaječí'),
(797,	'Archlebov'),
(798,	'Blatnice pod Svatým Antonínkem'),
(799,	'Blatnička'),
(800,	'Bukovany'),
(801,	'Bzenec'),
(802,	'Čejč'),
(803,	'Čejkovice'),
(804,	'Čeložnice'),
(805,	'Dambořice'),
(806,	'Dolní Bojanovice'),
(807,	'Domanín'),
(808,	'Dražůvky'),
(809,	'Dubňany'),
(810,	'Hodonín'),
(811,	'Hovorany'),
(812,	'Hroznová Lhota'),
(813,	'Hrubá Vrbka'),
(814,	'Hýsly'),
(815,	'Javorník'),
(816,	'Ježov'),
(817,	'Josefov'),
(818,	'Karlín'),
(819,	'Kněždub'),
(820,	'Kostelec'),
(821,	'Kozojídky'),
(822,	'Kuželov'),
(823,	'Kyjov'),
(824,	'Labuty'),
(825,	'Lipov'),
(826,	'Louka'),
(827,	'Lovčice'),
(828,	'Lužice'),
(829,	'Malá Vrbka'),
(830,	'Mikulčice'),
(831,	'Milotice'),
(832,	'Moravany'),
(833,	'Moravský Písek'),
(834,	'Mouchnice'),
(835,	'Mutěnice'),
(836,	'Násedlovice'),
(837,	'Nechvalín'),
(838,	'Nenkovice'),
(839,	'Nová Lhota'),
(840,	'Nový Poddvorov'),
(841,	'Ostrovánky'),
(842,	'Petrov'),
(843,	'Prušánky'),
(844,	'Radějov'),
(845,	'Ratíškovice'),
(846,	'Rohatec'),
(847,	'Skalka'),
(848,	'Sobůlky'),
(849,	'Starý Poddvorov'),
(850,	'Stavěšice'),
(851,	'Strážnice'),
(852,	'Strážovice'),
(853,	'Sudoměřice'),
(854,	'Suchov'),
(855,	'Svatobořice-Mistřín'),
(856,	'Syrovín'),
(857,	'Šardice'),
(858,	'Těmice'),
(859,	'Terezín'),
(860,	'Tvarožná Lhota'),
(861,	'Uhřice'),
(862,	'Vacenovice'),
(863,	'Velká nad Veličkou'),
(864,	'Veselí nad Moravou'),
(865,	'Věteřov'),
(866,	'Vlkoš'),
(867,	'Vnorovy'),
(868,	'Vracov'),
(869,	'Vřesovice'),
(870,	'Žádovice'),
(871,	'Žarošice'),
(872,	'Ždánice'),
(873,	'Želetice'),
(874,	'Žeravice'),
(875,	'Žeraviny'),
(876,	'Bohdalice-Pavlovice'),
(877,	'Bošovice'),
(878,	'Brankovice'),
(879,	'Bučovice'),
(880,	'Dětkovice'),
(881,	'Dobročkovice'),
(882,	'Dražovice'),
(883,	'Drnovice'),
(884,	'Drysice'),
(885,	'Habrovany'),
(886,	'Heršpice'),
(887,	'Hlubočany'),
(888,	'Hodějice'),
(889,	'Holubice'),
(890,	'Hostěrádky-Rešov'),
(891,	'Hoštice-Heroltice'),
(892,	'Hrušky'),
(893,	'Hvězdlice'),
(894,	'Chvalkovice'),
(895,	'Ivanovice na Hané'),
(896,	'Ježkovice'),
(897,	'Kobeřice u Brna'),
(898,	'Kojátky'),
(899,	'Komořany'),
(900,	'Kozlany'),
(901,	'Kožušice'),
(902,	'Krásensko'),
(903,	'Křenovice'),
(904,	'Křižanovice'),
(905,	'Kučerov'),
(906,	'Letonice'),
(907,	'Lovčičky'),
(908,	'Luleč'),
(909,	'Lysovice'),
(910,	'Malínky'),
(911,	'Medlovice'),
(912,	'Milešovice'),
(913,	'Milonice'),
(914,	'Moravské Málkovice'),
(915,	'Mouřínov'),
(916,	'Němčany'),
(917,	'Nemochovice'),
(918,	'Nemojany'),
(919,	'Nemotice'),
(920,	'Nesovice'),
(921,	'Nevojice'),
(922,	'Nížkovice'),
(923,	'Nové Sady'),
(924,	'Olšany'),
(925,	'Orlovice'),
(926,	'Otnice'),
(927,	'Podivice'),
(928,	'Podomí'),
(929,	'Prusy-Boškůvky'),
(930,	'Pustiměř'),
(931,	'Račice-Pístovice'),
(932,	'Radslavice'),
(933,	'Rašovice'),
(934,	'Rostěnice-Zvonovice'),
(935,	'Rousínov'),
(936,	'Ruprechtov'),
(937,	'Rybníček'),
(938,	'Slavkov u Brna'),
(939,	'Snovídky'),
(940,	'Studnice'),
(941,	'Šaratice'),
(942,	'Švábenice'),
(943,	'Topolany'),
(944,	'Tučapy'),
(945,	'Uhřice'),
(946,	'Vážany'),
(947,	'Vážany nad Litavou'),
(948,	'Velešovice'),
(949,	'Vyškov'),
(950,	'Zbýšov'),
(951,	'Zelená Hora'),
(952,	'Bantice'),
(953,	'Běhařovice'),
(954,	'Bezkov'),
(955,	'Bítov'),
(956,	'Blanné'),
(957,	'Blížkovice'),
(958,	'Bohutice'),
(959,	'Borotice'),
(960,	'Boskovštejn'),
(961,	'Božice'),
(962,	'Břežany'),
(963,	'Citonice'),
(964,	'Čejkovice'),
(965,	'Čermákovice'),
(966,	'Damnice'),
(967,	'Dobřínsko'),
(968,	'Dobšice'),
(969,	'Dolní Dubňany'),
(970,	'Dyjákovice'),
(971,	'Dyjákovičky'),
(972,	'Dyje'),
(973,	'Džbánice'),
(974,	'Grešlové Mýto'),
(975,	'Havraníky'),
(976,	'Hevlín'),
(977,	'Hluboké Mašůvky'),
(978,	'Hnanice'),
(979,	'Hodonice'),
(980,	'Horní Břečkov'),
(981,	'Horní Dubňany'),
(982,	'Horní Kounice'),
(983,	'Hostěradice'),
(984,	'Hrabětice'),
(985,	'Hrádek'),
(986,	'Hrušovany nad Jevišovkou'),
(987,	'Chvalovice'),
(988,	'Jaroslavice'),
(989,	'Jevišovice'),
(990,	'Jezeřany-Maršovice'),
(991,	'Jiřice u Miroslavi'),
(992,	'Jiřice u Moravských Budějovic'),
(993,	'Kravsko'),
(994,	'Krhovice'),
(995,	'Křídlůvky'),
(996,	'Kubšice'),
(997,	'Kuchařovice'),
(998,	'Kyjovice'),
(999,	'Lančov'),
(1000,	'Lechovice'),
(1001,	'Lesná'),
(1002,	'Litobratřice'),
(1003,	'Lukov'),
(1004,	'Mackovice'),
(1005,	'Mašovice'),
(1006,	'Medlice'),
(1007,	'Mikulovice'),
(1008,	'Miroslav'),
(1009,	'Miroslavské Knínice'),
(1010,	'Morašice'),
(1011,	'Moravský Krumlov'),
(1012,	'Našiměřice'),
(1013,	'Nový Šaldorf-Sedlešovice'),
(1014,	'Olbramkostel'),
(1015,	'Olbramovice'),
(1016,	'Oleksovice'),
(1017,	'Onšov'),
(1018,	'Oslnovice'),
(1019,	'Pavlice'),
(1020,	'Petrovice'),
(1021,	'Plaveč'),
(1022,	'Plenkovice'),
(1023,	'Práče'),
(1024,	'Pravice'),
(1025,	'Prosiměřice'),
(1026,	'Rybníky'),
(1027,	'Skalice'),
(1028,	'Slatina'),
(1029,	'Slup'),
(1030,	'Stálky'),
(1031,	'Starý Petřín'),
(1032,	'Stošíkovice na Louce'),
(1033,	'Strachotice'),
(1034,	'Střelice'),
(1035,	'Suchohrdly'),
(1036,	'Suchohrdly u Miroslavi'),
(1037,	'Šanov'),
(1038,	'Šatov'),
(1039,	'Štítary'),
(1040,	'Šumná'),
(1041,	'Tasovice'),
(1042,	'Tavíkovice'),
(1043,	'Těšetice'),
(1044,	'Trstěnice'),
(1045,	'Tulešice'),
(1046,	'Tvořihráz'),
(1047,	'Uherčice'),
(1048,	'Újezd'),
(1049,	'Únanov'),
(1050,	'Valtrovice'),
(1051,	'Vedrovice'),
(1052,	'Velký Karlov'),
(1053,	'Vémyslice'),
(1054,	'Višňové'),
(1055,	'Vítonice'),
(1056,	'Vranov nad Dyjí'),
(1057,	'Vratěnín'),
(1058,	'Vrbovec'),
(1059,	'Výrovice'),
(1060,	'Zálesí'),
(1061,	'Zblovice'),
(1062,	'Znojmo'),
(1063,	'Želetice'),
(1064,	'Žerotice'),
(1065,	'Žerůtky'),
(1066,	'Aš'),
(1067,	'Dolní Žandov'),
(1068,	'Drmoul'),
(1069,	'Františkovy Lázně'),
(1070,	'Hazlov'),
(1071,	'Hranice'),
(1072,	'Cheb'),
(1073,	'Krásná'),
(1074,	'Křižovatka'),
(1075,	'Lázně Kynžvart'),
(1076,	'Libá'),
(1077,	'Lipová'),
(1078,	'Luby'),
(1079,	'Mariánské Lázně'),
(1080,	'Milhostov'),
(1081,	'Milíkov'),
(1082,	'Mnichov'),
(1083,	'Nebanice'),
(1084,	'Nový Kostel'),
(1085,	'Odrava'),
(1086,	'Okrouhlá'),
(1087,	'Ovesné Kladruby'),
(1088,	'Plesná'),
(1089,	'Podhradí'),
(1090,	'Pomezí nad Ohří'),
(1091,	'Poustka'),
(1092,	'Prameny'),
(1093,	'Skalná'),
(1094,	'Stará Voda'),
(1095,	'Teplá'),
(1096,	'Trstěnice'),
(1097,	'Třebeň'),
(1098,	'Tři Sekery'),
(1099,	'Tuřany'),
(1100,	'Valy'),
(1101,	'Velká Hleďsebe'),
(1102,	'Velký Luh'),
(1103,	'Vlkovice'),
(1104,	'Vojtanov'),
(1105,	'Zádub-Závišín'),
(1106,	'Abertamy'),
(1107,	'Andělská Hora'),
(1108,	'Bečov nad Teplou'),
(1109,	'Bochov'),
(1110,	'Boží Dar'),
(1111,	'Božičany'),
(1112,	'Březová'),
(1113,	'Černava'),
(1114,	'Čichalov'),
(1115,	'Dalovice'),
(1116,	'Děpoltovice'),
(1117,	'Hájek'),
(1118,	'Horní Blatná'),
(1119,	'Hory'),
(1120,	'Hradiště'),
(1121,	'Hroznětín'),
(1122,	'Chodov'),
(1123,	'Chyše'),
(1124,	'Jáchymov'),
(1125,	'Jenišov'),
(1126,	'Karlovy Vary'),
(1127,	'Kolová'),
(1128,	'Krásné Údolí'),
(1129,	'Krásný Les'),
(1130,	'Kyselka'),
(1131,	'Merklín'),
(1132,	'Mírová'),
(1133,	'Nejdek'),
(1134,	'Nová Role'),
(1135,	'Nové Hamry'),
(1136,	'Ostrov'),
(1137,	'Otovice'),
(1138,	'Otročín'),
(1139,	'Pernink'),
(1140,	'Pila'),
(1141,	'Potůčky'),
(1142,	'Pšov'),
(1143,	'Sadov'),
(1144,	'Smolné Pece'),
(1145,	'Stanovice'),
(1146,	'Stráž nad Ohří'),
(1147,	'Stružná'),
(1148,	'Šemnice'),
(1149,	'Štědrá'),
(1150,	'Teplička'),
(1151,	'Toužim'),
(1152,	'Útvina'),
(1153,	'Valeč'),
(1154,	'Velichov'),
(1155,	'Verušičky'),
(1156,	'Vojkovice'),
(1157,	'Vrbice'),
(1158,	'Vysoká Pec'),
(1159,	'Žlutice'),
(1160,	'Březová'),
(1161,	'Bublava'),
(1162,	'Bukovany'),
(1163,	'Citice'),
(1164,	'Dasnice'),
(1165,	'Dolní Nivy'),
(1166,	'Dolní Rychnov'),
(1167,	'Habartov'),
(1168,	'Horní Slavkov'),
(1169,	'Chlum Svaté Maří'),
(1170,	'Chodov'),
(1171,	'Jindřichovice'),
(1172,	'Josefov'),
(1173,	'Kaceřov'),
(1174,	'Krajková'),
(1175,	'Královské Poříčí'),
(1176,	'Kraslice'),
(1177,	'Krásno'),
(1178,	'Kynšperk nad Ohří'),
(1179,	'Libavské Údolí'),
(1180,	'Loket'),
(1181,	'Lomnice'),
(1182,	'Nová Ves'),
(1183,	'Nové Sedlo'),
(1184,	'Oloví'),
(1185,	'Přebuz'),
(1186,	'Rotava'),
(1187,	'Rovná'),
(1188,	'Sokolov'),
(1189,	'Staré Sedlo'),
(1190,	'Stříbrná'),
(1191,	'Svatava'),
(1192,	'Šabina'),
(1193,	'Šindelová'),
(1194,	'Tatrovice'),
(1195,	'Těšovice'),
(1196,	'Vintířov'),
(1197,	'Vřesová'),
(1198,	'Babice'),
(1199,	'Barchov'),
(1200,	'Běleč nad Orlicí'),
(1201,	'Benátky'),
(1202,	'Blešno'),
(1203,	'Boharyně'),
(1204,	'Černilov'),
(1205,	'Černožice'),
(1206,	'Divec'),
(1207,	'Dobřenice'),
(1208,	'Dohalice'),
(1209,	'Dolní Přím'),
(1210,	'Habřina'),
(1211,	'Hlušice'),
(1212,	'Holohlavy'),
(1213,	'Hořiněves'),
(1214,	'Hradec Králové'),
(1215,	'Hrádek'),
(1216,	'Hvozdnice'),
(1217,	'Chlumec nad Cidlinou'),
(1218,	'Chudeřice'),
(1219,	'Káranice'),
(1220,	'Klamoš'),
(1221,	'Kobylice'),
(1222,	'Kosice'),
(1223,	'Kosičky'),
(1224,	'Králíky'),
(1225,	'Kratonohy'),
(1226,	'Kunčice'),
(1227,	'Lejšovka'),
(1228,	'Lhota pod Libčany'),
(1229,	'Libčany'),
(1230,	'Librantice'),
(1231,	'Libřice'),
(1232,	'Lišice'),
(1233,	'Lodín'),
(1234,	'Lochenice'),
(1235,	'Lovčice'),
(1236,	'Lužec nad Cidlinou'),
(1237,	'Máslojedy'),
(1238,	'Měník'),
(1239,	'Mžany'),
(1240,	'Neděliště'),
(1241,	'Nechanice'),
(1242,	'Nepolisy'),
(1243,	'Nové Město'),
(1244,	'Nový Bydžov'),
(1245,	'Obědovice'),
(1246,	'Olešnice'),
(1247,	'Osice'),
(1248,	'Petrovice'),
(1249,	'Prasek'),
(1250,	'Praskačka'),
(1251,	'Předměřice nad Labem'),
(1252,	'Převýšov'),
(1253,	'Račice nad Trotinou'),
(1254,	'Roudnice'),
(1255,	'Sadová'),
(1256,	'Sendražice'),
(1257,	'Skalice'),
(1258,	'Skřivany'),
(1259,	'Sloupno'),
(1260,	'Smidary'),
(1261,	'Smiřice'),
(1262,	'Smržov'),
(1263,	'Sovětice'),
(1264,	'Starý Bydžov'),
(1265,	'Stěžery'),
(1266,	'Stračov'),
(1267,	'Střezetice'),
(1268,	'Světí'),
(1269,	'Syrovátka'),
(1270,	'Šaplava'),
(1271,	'Těchlovice'),
(1272,	'Třebechovice pod Orebem'),
(1273,	'Třesovice'),
(1274,	'Urbanice'),
(1275,	'Vinary'),
(1276,	'Všestary'),
(1277,	'Výrava'),
(1278,	'Vysoká nad Labem'),
(1279,	'Vysoký Újezd'),
(1280,	'Bašnice'),
(1281,	'Běchary'),
(1282,	'Bílsko u Hořic'),
(1283,	'Boháňka'),
(1284,	'Borek'),
(1285,	'Brada-Rybníček'),
(1286,	'Budčeves'),
(1287,	'Bukvice'),
(1288,	'Butoves'),
(1289,	'Cerekvice nad Bystřicí'),
(1290,	'Červená Třemešná'),
(1291,	'Češov'),
(1292,	'Dětenice'),
(1293,	'Dobrá Voda u Hořic'),
(1294,	'Dolní Lochov'),
(1295,	'Dřevěnice'),
(1296,	'Holín'),
(1297,	'Holovousy'),
(1298,	'Hořice'),
(1299,	'Cholenice'),
(1300,	'Chomutice'),
(1301,	'Choteč'),
(1302,	'Jeřice'),
(1303,	'Jičín'),
(1304,	'Jičíněves'),
(1305,	'Kbelnice'),
(1306,	'Kněžnice'),
(1307,	'Konecchlumí'),
(1308,	'Kopidlno'),
(1309,	'Kozojedy'),
(1310,	'Kyje'),
(1311,	'Lázně Bělohrad'),
(1312,	'Libáň'),
(1313,	'Libošovice'),
(1314,	'Libuň'),
(1315,	'Lískovice'),
(1316,	'Lukavec u Hořic'),
(1317,	'Lužany'),
(1318,	'Markvartice'),
(1319,	'Miletín'),
(1320,	'Milovice u Hořic'),
(1321,	'Mladějov'),
(1322,	'Mlázovice'),
(1323,	'Nemyčeves'),
(1324,	'Nová Paka'),
(1325,	'Ohaveč'),
(1326,	'Ostroměř'),
(1327,	'Pecka'),
(1328,	'Petrovičky'),
(1329,	'Podhorní Újezd a Vojice'),
(1330,	'Podhradí'),
(1331,	'Podůlší'),
(1332,	'Radim'),
(1333,	'Rašín'),
(1334,	'Rohoznice'),
(1335,	'Rokytňany'),
(1336,	'Samšina'),
(1337,	'Sběř'),
(1338,	'Sekeřice'),
(1339,	'Slavhostice'),
(1340,	'Sobčice'),
(1341,	'Sobotka'),
(1342,	'Stará Paka'),
(1343,	'Staré Místo'),
(1344,	'Staré Smrkovice'),
(1345,	'Střevač'),
(1346,	'Sukorady'),
(1347,	'Svatojanský Újezd'),
(1348,	'Šárovcova Lhota'),
(1349,	'Tetín'),
(1350,	'Třebnouševes'),
(1351,	'Třtěnice'),
(1352,	'Tuř'),
(1353,	'Úbislavice'),
(1354,	'Údrnice'),
(1355,	'Úhlejov'),
(1356,	'Újezd pod Troskami'),
(1357,	'Úlibice'),
(1358,	'Valdice'),
(1359,	'Veliš'),
(1360,	'Vidochov'),
(1361,	'Vitiněves'),
(1362,	'Volanice'),
(1363,	'Vršce'),
(1364,	'Vysoké Veselí'),
(1365,	'Zelenecká Lhota'),
(1366,	'Železnice'),
(1367,	'Žeretice'),
(1368,	'Židovice'),
(1369,	'Žlunice'),
(1370,	'Adršpach'),
(1371,	'Bohuslavice'),
(1372,	'Borová'),
(1373,	'Božanov'),
(1374,	'Broumov'),
(1375,	'Brzice'),
(1376,	'Bukovice'),
(1377,	'Černčice'),
(1378,	'Červený Kostelec'),
(1379,	'Česká Čermná'),
(1380,	'Česká Metuje'),
(1381,	'Česká Skalice'),
(1382,	'Dolany'),
(1383,	'Dolní Radechová'),
(1384,	'Hejtmánkovice'),
(1385,	'Heřmanice'),
(1386,	'Heřmánkovice'),
(1387,	'Horní Radechová'),
(1388,	'Hořenice'),
(1389,	'Hořičky'),
(1390,	'Hronov'),
(1391,	'Hynčice'),
(1392,	'Chvalkovice'),
(1393,	'Jaroměř'),
(1394,	'Jasenná'),
(1395,	'Jetřichov'),
(1396,	'Kramolna'),
(1397,	'Křinice'),
(1398,	'Lhota pod Hořičkami'),
(1399,	'Machov'),
(1400,	'Martínkovice'),
(1401,	'Mezilečí'),
(1402,	'Mezilesí'),
(1403,	'Meziměstí'),
(1404,	'Nahořany'),
(1405,	'Náchod'),
(1406,	'Nové Město nad Metují'),
(1407,	'Nový Hrádek'),
(1408,	'Nový Ples'),
(1409,	'Otovice'),
(1410,	'Police nad Metují'),
(1411,	'Provodov-Šonov'),
(1412,	'Přibyslav'),
(1413,	'Rasošky'),
(1414,	'Rožnov'),
(1415,	'Rychnovek'),
(1416,	'Říkov'),
(1417,	'Slatina nad Úpou'),
(1418,	'Slavětín nad Metují'),
(1419,	'Slavoňov'),
(1420,	'Stárkov'),
(1421,	'Studnice'),
(1422,	'Suchý Důl'),
(1423,	'Šestajovice'),
(1424,	'Šonov'),
(1425,	'Teplice nad Metují'),
(1426,	'Velichovky'),
(1427,	'Velká Jesenice'),
(1428,	'Velké Petrovice'),
(1429,	'Velké Poříčí'),
(1430,	'Velký Třebešov'),
(1431,	'Vernéřovice'),
(1432,	'Vršovka'),
(1433,	'Vysoká Srbská'),
(1434,	'Vysokov'),
(1435,	'Zábrodí'),
(1436,	'Zaloňov'),
(1437,	'Žďár nad Metují'),
(1438,	'Žernov'),
(1439,	'Albrechtice nad Orlicí'),
(1440,	'Bartošovice v Orlických horách'),
(1441,	'Bílý Újezd'),
(1442,	'Bolehošť'),
(1443,	'Borohrádek'),
(1444,	'Borovnice'),
(1445,	'Bystré'),
(1446,	'Byzhradec'),
(1447,	'Častolovice'),
(1448,	'Čermná nad Orlicí'),
(1449,	'Černíkovice'),
(1450,	'České Meziříčí'),
(1451,	'Čestice'),
(1452,	'Deštné v Orlických horách'),
(1453,	'Dobré'),
(1454,	'Dobruška'),
(1455,	'Dobřany'),
(1456,	'Doudleby nad Orlicí'),
(1457,	'Hřibiny-Ledská'),
(1458,	'Chleny'),
(1459,	'Jahodov'),
(1460,	'Janov'),
(1461,	'Javornice'),
(1462,	'Kostelec nad Orlicí'),
(1463,	'Kounov'),
(1464,	'Králova Lhota'),
(1465,	'Kvasiny'),
(1466,	'Lhoty u Potštejna'),
(1467,	'Libel'),
(1468,	'Liberk'),
(1469,	'Lično'),
(1470,	'Lípa nad Orlicí'),
(1471,	'Lukavice'),
(1472,	'Lupenice'),
(1473,	'Mokré'),
(1474,	'Nová Ves'),
(1475,	'Očelice'),
(1476,	'Ohnišov'),
(1477,	'Olešnice'),
(1478,	'Olešnice v Orlických horách'),
(1479,	'Opočno'),
(1480,	'Orlické Záhoří'),
(1481,	'Pěčín'),
(1482,	'Podbřezí'),
(1483,	'Pohoří'),
(1484,	'Polom'),
(1485,	'Potštejn'),
(1486,	'Proruby'),
(1487,	'Přepychy'),
(1488,	'Rohenice'),
(1489,	'Rokytnice v Orlických horách'),
(1490,	'Rybná nad Zdobnicí'),
(1491,	'Rychnov nad Kněžnou'),
(1492,	'Říčky v Orlických horách'),
(1493,	'Sedloňov'),
(1494,	'Skuhrov nad Bělou'),
(1495,	'Slatina nad Zdobnicí'),
(1496,	'Solnice'),
(1497,	'Svídnice'),
(1498,	'Synkov-Slemeno'),
(1499,	'Trnov'),
(1500,	'Třebešov'),
(1501,	'Tutleky'),
(1502,	'Týniště nad Orlicí'),
(1503,	'Val'),
(1504,	'Vamberk'),
(1505,	'Voděrady'),
(1506,	'Záměl'),
(1507,	'Zdobnice'),
(1508,	'Žďár nad Orlicí'),
(1509,	'Batňovice'),
(1510,	'Bernartice'),
(1511,	'Bílá Třemešná'),
(1512,	'Bílé Poličany'),
(1513,	'Borovnice'),
(1514,	'Borovnička'),
(1515,	'Čermná'),
(1516,	'Černý Důl'),
(1517,	'Dolní Branná'),
(1518,	'Dolní Brusnice'),
(1519,	'Dolní Dvůr'),
(1520,	'Dolní Kalná'),
(1521,	'Dolní Lánov'),
(1522,	'Dolní Olešnice'),
(1523,	'Doubravice'),
(1524,	'Dubenec'),
(1525,	'Dvůr Králové nad Labem'),
(1526,	'Hajnice'),
(1527,	'Havlovice'),
(1528,	'Horní Brusnice'),
(1529,	'Horní Kalná'),
(1530,	'Horní Maršov'),
(1531,	'Horní Olešnice'),
(1532,	'Hostinné'),
(1533,	'Hřibojedy'),
(1534,	'Chotěvice'),
(1535,	'Choustníkovo Hradiště'),
(1536,	'Chvaleč'),
(1537,	'Janské Lázně'),
(1538,	'Jívka'),
(1539,	'Klášterská Lhota'),
(1540,	'Kocbeře'),
(1541,	'Kohoutov'),
(1542,	'Královec'),
(1543,	'Kuks'),
(1544,	'Kunčice nad Labem'),
(1545,	'Lampertice'),
(1546,	'Lánov'),
(1547,	'Lanžov'),
(1548,	'Libňatov'),
(1549,	'Libotov'),
(1550,	'Litíč'),
(1551,	'Malá Úpa'),
(1552,	'Malé Svatoňovice'),
(1553,	'Maršov u Úpice'),
(1554,	'Mladé Buky'),
(1555,	'Mostek'),
(1556,	'Nemojov'),
(1557,	'Pec pod Sněžkou'),
(1558,	'Pilníkov'),
(1559,	'Prosečné'),
(1560,	'Radvanice'),
(1561,	'Rtyně v Podkrkonoší'),
(1562,	'Rudník'),
(1563,	'Staré Buky'),
(1564,	'Strážné'),
(1565,	'Suchovršice'),
(1566,	'Svoboda nad Úpou'),
(1567,	'Špindlerův Mlýn'),
(1568,	'Trotina'),
(1569,	'Trutnov'),
(1570,	'Třebihošť'),
(1571,	'Úpice'),
(1572,	'Velké Svatoňovice'),
(1573,	'Vilantice'),
(1574,	'Vítězná'),
(1575,	'Vlčice'),
(1576,	'Vlčkovice v Podkrkonoší'),
(1577,	'Vrchlabí'),
(1578,	'Zlatá Olešnice'),
(1579,	'Žacléř'),
(1580,	'Bezděz'),
(1581,	'Blíževedly'),
(1582,	'Bohatice'),
(1583,	'Brniště'),
(1584,	'Cvikov'),
(1585,	'Česká Lípa'),
(1586,	'Doksy'),
(1587,	'Dubá'),
(1588,	'Dubnice'),
(1589,	'Hamr na Jezeře'),
(1590,	'Holany'),
(1591,	'Horní Libchava'),
(1592,	'Horní Police'),
(1593,	'Chotovice'),
(1594,	'Jestřebí'),
(1595,	'Kamenický Šenov'),
(1596,	'Kozly'),
(1597,	'Kravaře'),
(1598,	'Krompach'),
(1599,	'Kunratice u Cvikova'),
(1600,	'Kvítkov'),
(1601,	'Mařenice'),
(1602,	'Mimoň'),
(1603,	'Noviny pod Ralskem'),
(1604,	'Nový Bor'),
(1605,	'Nový Oldřichov'),
(1606,	'Okna'),
(1607,	'Okrouhlá'),
(1608,	'Pertoltice pod Ralskem'),
(1609,	'Polevsko'),
(1610,	'Provodín'),
(1611,	'Prysk'),
(1612,	'Radvanec'),
(1613,	'Ralsko'),
(1614,	'Skalice u České Lípy'),
(1615,	'Skalka u Doks'),
(1616,	'Sloup v Čechách'),
(1617,	'Slunečná'),
(1618,	'Sosnová'),
(1619,	'Stráž pod Ralskem'),
(1620,	'Stružnice'),
(1621,	'Stvolínky'),
(1622,	'Svojkov'),
(1623,	'Svor'),
(1624,	'Tachov'),
(1625,	'Tuhaň'),
(1626,	'Velenice'),
(1627,	'Velký Valtinov'),
(1628,	'Volfartice'),
(1629,	'Vrchovany'),
(1630,	'Zahrádky'),
(1631,	'Zákupy'),
(1632,	'Žandov'),
(1633,	'Ždírec'),
(1634,	'Albrechtice v Jizerských horách'),
(1635,	'Bedřichov'),
(1636,	'Dalešice'),
(1637,	'Desná'),
(1638,	'Držkov'),
(1639,	'Frýdštejn'),
(1640,	'Jablonec nad Nisou'),
(1641,	'Janov nad Nisou'),
(1642,	'Jenišovice'),
(1643,	'Jílové u Držkova'),
(1644,	'Jiřetín pod Bukovou'),
(1645,	'Josefův Důl'),
(1646,	'Koberovy'),
(1647,	'Kořenov'),
(1648,	'Líšný'),
(1649,	'Loužnice'),
(1650,	'Lučany nad Nisou'),
(1651,	'Malá Skála'),
(1652,	'Maršovice'),
(1653,	'Nová Ves nad Nisou'),
(1654,	'Pěnčín'),
(1655,	'Plavy'),
(1656,	'Pulečný'),
(1657,	'Radčice'),
(1658,	'Rádlo'),
(1659,	'Rychnov u Jablonce nad Nisou'),
(1660,	'Skuhrov'),
(1661,	'Smržovka'),
(1662,	'Tanvald'),
(1663,	'Velké Hamry'),
(1664,	'Vlastiboř'),
(1665,	'Zásada'),
(1666,	'Zlatá Olešnice'),
(1667,	'Železný Brod'),
(1668,	'Bílá'),
(1669,	'Bílý Kostel nad Nisou'),
(1670,	'Bílý Potok'),
(1671,	'Bulovka'),
(1672,	'Černousy'),
(1673,	'Český Dub'),
(1674,	'Čtveřín'),
(1675,	'Dětřichov'),
(1676,	'Dlouhý Most'),
(1677,	'Dolní Řasnice'),
(1678,	'Frýdlant'),
(1679,	'Habartice'),
(1680,	'Hejnice'),
(1681,	'Heřmanice'),
(1682,	'Hlavice'),
(1683,	'Hodkovice nad Mohelkou'),
(1684,	'Horní Řasnice'),
(1685,	'Hrádek nad Nisou'),
(1686,	'Chotyně'),
(1687,	'Chrastava'),
(1688,	'Jablonné v Podještědí'),
(1689,	'Janův Důl'),
(1690,	'Jeřmanice'),
(1691,	'Jindřichovice pod Smrkem'),
(1692,	'Kobyly'),
(1693,	'Krásný Les'),
(1694,	'Kryštofovo Údolí'),
(1695,	'Křižany'),
(1696,	'Kunratice'),
(1697,	'Lázně Libverda'),
(1698,	'Lažany'),
(1699,	'Liberec'),
(1700,	'Mníšek'),
(1701,	'Nová Ves'),
(1702,	'Nové Město pod Smrkem'),
(1703,	'Oldřichov v Hájích'),
(1704,	'Osečná'),
(1705,	'Paceřice'),
(1706,	'Pěnčín'),
(1707,	'Pertoltice'),
(1708,	'Proseč pod Ještědem'),
(1709,	'Příšovice'),
(1710,	'Radimovice'),
(1711,	'Raspenava'),
(1712,	'Rynoltice'),
(1713,	'Soběslavice'),
(1714,	'Stráž nad Nisou'),
(1715,	'Světlá pod Ještědem'),
(1716,	'Svijanský Újezd'),
(1717,	'Svijany'),
(1718,	'Sychrov'),
(1719,	'Šimonovice'),
(1720,	'Višňová'),
(1721,	'Vlastibořice'),
(1722,	'Všelibice'),
(1723,	'Zdislava'),
(1724,	'Bělá'),
(1725,	'Benecko'),
(1726,	'Benešov u Semil'),
(1727,	'Bozkov'),
(1728,	'Bradlecká Lhota'),
(1729,	'Bukovina u Čisté'),
(1730,	'Čistá u Horek'),
(1731,	'Háje nad Jizerou'),
(1732,	'Harrachov'),
(1733,	'Holenice'),
(1734,	'Horka u Staré Paky'),
(1735,	'Horní Branná'),
(1736,	'Hrubá Skála'),
(1737,	'Chuchelna'),
(1738,	'Jablonec nad Jizerou'),
(1739,	'Jesenný'),
(1740,	'Jestřabí v Krkonoších'),
(1741,	'Jilemnice'),
(1742,	'Kacanovy'),
(1743,	'Karlovice'),
(1744,	'Klokočí'),
(1745,	'Košťálov'),
(1746,	'Kruh'),
(1747,	'Ktová'),
(1748,	'Levínská Olešnice'),
(1749,	'Libštát'),
(1750,	'Lomnice nad Popelkou'),
(1751,	'Loučky'),
(1752,	'Martinice v Krkonoších'),
(1753,	'Mírová pod Kozákovem'),
(1754,	'Modřišice'),
(1755,	'Mříčná'),
(1756,	'Nová Ves nad Popelkou'),
(1757,	'Ohrazenice'),
(1758,	'Olešnice'),
(1759,	'Paseky nad Jizerou'),
(1760,	'Peřimov'),
(1761,	'Poniklá'),
(1762,	'Přepeře'),
(1763,	'Příkrý'),
(1764,	'Radostná pod Kozákovem'),
(1765,	'Rakousy'),
(1766,	'Rokytnice nad Jizerou'),
(1767,	'Roprachtice'),
(1768,	'Rovensko pod Troskami'),
(1769,	'Roztoky u Jilemnice'),
(1770,	'Roztoky u Semil'),
(1771,	'Semily'),
(1772,	'Slaná'),
(1773,	'Stružinec'),
(1774,	'Studenec'),
(1775,	'Svojek'),
(1776,	'Syřenov'),
(1777,	'Tatobity'),
(1778,	'Turnov'),
(1779,	'Veselá'),
(1780,	'Víchová nad Jizerou'),
(1781,	'Vítkovice'),
(1782,	'Všeň'),
(1783,	'Vyskeř'),
(1784,	'Vysoké nad Jizerou'),
(1785,	'Záhoří'),
(1786,	'Žernov'),
(1787,	'Andělská Hora'),
(1788,	'Bílčice'),
(1789,	'Bohušov'),
(1790,	'Brantice'),
(1791,	'Bruntál'),
(1792,	'Břidličná'),
(1793,	'Dětřichov nad Bystřicí'),
(1794,	'Dívčí Hrad'),
(1795,	'Dlouhá Stráň'),
(1796,	'Dolní Moravice'),
(1797,	'Dvorce'),
(1798,	'Heřmanovice'),
(1799,	'Holčovice'),
(1800,	'Horní Benešov'),
(1801,	'Horní Město'),
(1802,	'Horní Životice'),
(1803,	'Hošťálkovy'),
(1804,	'Janov'),
(1805,	'Jindřichov'),
(1806,	'Jiříkov'),
(1807,	'Karlova Studánka'),
(1808,	'Karlovice'),
(1809,	'Krasov'),
(1810,	'Krnov'),
(1811,	'Křišťanovice'),
(1812,	'Lichnov'),
(1813,	'Liptaň'),
(1814,	'Lomnice'),
(1815,	'Ludvíkov'),
(1816,	'Malá Morávka'),
(1817,	'Město Albrechtice'),
(1818,	'Mezina'),
(1819,	'Milotice nad Opavou'),
(1820,	'Moravskoslezský Kočov'),
(1821,	'Nové Heřminovy'),
(1822,	'Oborná'),
(1823,	'Osoblaha'),
(1824,	'Petrovice'),
(1825,	'Razová'),
(1826,	'Roudno'),
(1827,	'Rudná pod Pradědem'),
(1828,	'Rusín'),
(1829,	'Rýmařov'),
(1830,	'Ryžoviště'),
(1831,	'Slezské Pavlovice'),
(1832,	'Slezské Rudoltice'),
(1833,	'Stará Ves'),
(1834,	'Staré Heřminovy'),
(1835,	'Staré Město'),
(1836,	'Světlá Hora'),
(1837,	'Svobodné Heřmanice'),
(1838,	'Široká Niva'),
(1839,	'Třemešná'),
(1840,	'Úvalno'),
(1841,	'Václavov u Bruntálu'),
(1842,	'Valšov'),
(1843,	'Vrbno pod Pradědem'),
(1844,	'Vysoká'),
(1845,	'Zátor'),
(1846,	'Baška'),
(1847,	'Bílá'),
(1848,	'Bocanovice'),
(1849,	'Brušperk'),
(1850,	'Bruzovice'),
(1851,	'Bukovec'),
(1852,	'Bystřice'),
(1853,	'Čeladná'),
(1854,	'Dobrá'),
(1855,	'Dobratice'),
(1856,	'Dolní Domaslavice'),
(1857,	'Dolní Lomná'),
(1858,	'Dolní Tošanovice'),
(1859,	'Fryčovice'),
(1860,	'Frýdek-Místek'),
(1861,	'Frýdlant nad Ostravicí'),
(1862,	'Hnojník'),
(1863,	'Horní Domaslavice'),
(1864,	'Horní Lomná'),
(1865,	'Horní Tošanovice'),
(1866,	'Hrádek'),
(1867,	'Hrčava'),
(1868,	'Hukvaldy'),
(1869,	'Jablunkov'),
(1870,	'Janovice'),
(1871,	'Kaňovice'),
(1872,	'Komorní Lhotka'),
(1873,	'Košařiska'),
(1874,	'Kozlovice'),
(1875,	'Krásná'),
(1876,	'Krmelín'),
(1877,	'Kunčice pod Ondřejníkem'),
(1878,	'Lhotka'),
(1879,	'Lučina'),
(1880,	'Malenovice'),
(1881,	'Metylovice'),
(1882,	'Milíkov'),
(1883,	'Morávka'),
(1884,	'Mosty u Jablunkova'),
(1885,	'Návsí'),
(1886,	'Nižní Lhoty'),
(1887,	'Nošovice'),
(1888,	'Nýdek'),
(1889,	'Ostravice'),
(1890,	'Palkovice'),
(1891,	'Paskov'),
(1892,	'Pazderna'),
(1893,	'Písečná'),
(1894,	'Písek'),
(1895,	'Pražmo'),
(1896,	'Pržno'),
(1897,	'Pstruží'),
(1898,	'Raškovice'),
(1899,	'Ropice'),
(1900,	'Řeka'),
(1901,	'Řepiště'),
(1902,	'Sedliště'),
(1903,	'Smilovice'),
(1904,	'Soběšovice'),
(1905,	'Staré Hamry'),
(1906,	'Staré Město'),
(1907,	'Staříč'),
(1908,	'Střítež'),
(1909,	'Sviadnov'),
(1910,	'Třanovice'),
(1911,	'Třinec'),
(1912,	'Vělopolí'),
(1913,	'Vendryně'),
(1914,	'Vojkovice'),
(1915,	'Vyšní Lhoty'),
(1916,	'Žabeň'),
(1917,	'Žermanice'),
(1918,	'Albrechtice'),
(1919,	'Bohumín'),
(1920,	'Český Těšín'),
(1921,	'Dětmarovice'),
(1922,	'Dolní Lutyně'),
(1923,	'Doubrava'),
(1924,	'Havířov'),
(1925,	'Horní Bludovice'),
(1926,	'Horní Suchá'),
(1927,	'Chotěbuz'),
(1928,	'Karviná'),
(1929,	'Orlová'),
(1930,	'Petrovice u Karviné'),
(1931,	'Petřvald'),
(1932,	'Rychvald'),
(1933,	'Stonava'),
(1934,	'Těrlicko'),
(1935,	'Albrechtičky'),
(1936,	'Bartošovice'),
(1937,	'Bernartice nad Odrou'),
(1938,	'Bílov'),
(1939,	'Bílovec'),
(1940,	'Bordovice'),
(1941,	'Bravantice'),
(1942,	'Frenštát pod Radhoštěm'),
(1943,	'Fulnek'),
(1944,	'Heřmanice u Oder'),
(1945,	'Hladké Životice'),
(1946,	'Hodslavice'),
(1947,	'Hostašovice'),
(1948,	'Jakubčovice nad Odrou'),
(1949,	'Jeseník nad Odrou'),
(1950,	'Jistebník'),
(1951,	'Kateřinice'),
(1952,	'Kopřivnice'),
(1953,	'Kujavy'),
(1954,	'Kunín'),
(1955,	'Libhošť'),
(1956,	'Lichnov'),
(1957,	'Mankovice'),
(1958,	'Mořkov'),
(1959,	'Mošnov'),
(1960,	'Nový Jičín'),
(1961,	'Odry'),
(1962,	'Petřvald'),
(1963,	'Příbor'),
(1964,	'Pustějov'),
(1965,	'Rybí'),
(1966,	'Sedlnice'),
(1967,	'Skotnice'),
(1968,	'Slatina'),
(1969,	'Starý Jičín'),
(1970,	'Studénka'),
(1971,	'Suchdol nad Odrou'),
(1972,	'Šenov u Nového Jičína'),
(1973,	'Štramberk'),
(1974,	'Tichá'),
(1975,	'Tísek'),
(1976,	'Trnávka'),
(1977,	'Trojanovice'),
(1978,	'Velké Albrechtice'),
(1979,	'Veřovice'),
(1980,	'Vražné'),
(1981,	'Vrchy'),
(1982,	'Závišice'),
(1983,	'Ženklava'),
(1984,	'Životice u Nového Jičína'),
(1985,	'Bělá'),
(1986,	'Bohuslavice'),
(1987,	'Bolatice'),
(1988,	'Branka u Opavy'),
(1989,	'Brumovice'),
(1990,	'Březová'),
(1991,	'Budišov nad Budišovkou'),
(1992,	'Budišovice'),
(1993,	'Čermná ve Slezsku'),
(1994,	'Darkovice'),
(1995,	'Děhylov'),
(1996,	'Dobroslavice'),
(1997,	'Dolní Benešov'),
(1998,	'Dolní Životice'),
(1999,	'Háj ve Slezsku'),
(2000,	'Hať'),
(2001,	'Hlubočec'),
(2002,	'Hlučín'),
(2003,	'Hněvošice'),
(2004,	'Holasovice'),
(2005,	'Hrabyně'),
(2006,	'Hradec nad Moravicí'),
(2007,	'Chlebičov'),
(2008,	'Chuchelná'),
(2009,	'Chvalíkovice'),
(2010,	'Jakartovice'),
(2011,	'Kobeřice'),
(2012,	'Kozmice'),
(2013,	'Kravaře'),
(2014,	'Kružberk'),
(2015,	'Kyjovice'),
(2016,	'Litultovice'),
(2017,	'Ludgeřovice'),
(2018,	'Markvartovice'),
(2019,	'Melč'),
(2020,	'Mikolajice'),
(2021,	'Mokré Lazce'),
(2022,	'Neplachovice'),
(2023,	'Nové Lublice'),
(2024,	'Nové Sedlice'),
(2025,	'Oldřišov'),
(2026,	'Opava'),
(2027,	'Otice'),
(2028,	'Píšť'),
(2029,	'Pustá Polom'),
(2030,	'Radkov'),
(2031,	'Raduň'),
(2032,	'Rohov'),
(2033,	'Skřipov'),
(2034,	'Slavkov'),
(2035,	'Služovice'),
(2036,	'Sosnová'),
(2037,	'Staré Těchanovice'),
(2038,	'Stěbořice'),
(2039,	'Strahovice'),
(2040,	'Sudice'),
(2041,	'Svatoňovice'),
(2042,	'Šilheřovice'),
(2043,	'Štěpánkovice'),
(2044,	'Štítina'),
(2045,	'Těškovice'),
(2046,	'Třebom'),
(2047,	'Velké Heraltice'),
(2048,	'Velké Hoštice'),
(2049,	'Větřkovice'),
(2050,	'Vítkov'),
(2051,	'Vršovice'),
(2052,	'Vřesina'),
(2053,	'Závada'),
(2054,	'Čavisov'),
(2055,	'Dolní Lhota'),
(2056,	'Horní Lhota'),
(2057,	'Klimkovice'),
(2058,	'Olbramice'),
(2059,	'Ostrava'),
(2060,	'Stará Ves nad Ondřejnicí'),
(2061,	'Šenov'),
(2062,	'Václavovice'),
(2063,	'Velká Polom'),
(2064,	'Vratimov'),
(2065,	'Vřesina'),
(2066,	'Zbyslavice'),
(2067,	'Bělá pod Pradědem'),
(2068,	'Bernartice'),
(2069,	'Bílá Voda'),
(2070,	'Černá Voda'),
(2071,	'Česká Ves'),
(2072,	'Hradec-Nová Ves'),
(2073,	'Javorník'),
(2074,	'Jeseník'),
(2075,	'Kobylá nad Vidnavkou'),
(2076,	'Lipová-lázně'),
(2077,	'Mikulovice'),
(2078,	'Ostružná'),
(2079,	'Písečná'),
(2080,	'Skorošice'),
(2081,	'Stará Červená Voda'),
(2082,	'Supíkovice'),
(2083,	'Uhelná'),
(2084,	'Vápenná'),
(2085,	'Velká Kraš'),
(2086,	'Velké Kunětice'),
(2087,	'Vidnava'),
(2088,	'Vlčice'),
(2089,	'Zlaté Hory'),
(2090,	'Žulová'),
(2091,	'Babice'),
(2092,	'Bělkovice-Lašťany'),
(2093,	'Bílá Lhota'),
(2094,	'Blatec'),
(2095,	'Bohuňovice'),
(2096,	'Bouzov'),
(2097,	'Bukovany'),
(2098,	'Bystročice'),
(2099,	'Bystrovany'),
(2100,	'Červenka'),
(2101,	'Daskabát'),
(2102,	'Dlouhá Loučka'),
(2103,	'Dolany'),
(2104,	'Doloplazy'),
(2105,	'Domašov nad Bystřicí'),
(2106,	'Drahanovice'),
(2107,	'Dub nad Moravou'),
(2108,	'Grygov'),
(2109,	'Haňovice'),
(2110,	'Hlásnice'),
(2111,	'Hlubočky'),
(2112,	'Hlušovice'),
(2113,	'Hněvotín'),
(2114,	'Hnojice'),
(2115,	'Horka nad Moravou'),
(2116,	'Huzová'),
(2117,	'Charváty'),
(2118,	'Cholina'),
(2119,	'Jívová'),
(2120,	'Kožušany-Tážaly'),
(2121,	'Krčmaň'),
(2122,	'Křelov-Břuchotín'),
(2123,	'Libavá'),
(2124,	'Liboš'),
(2125,	'Lipinka'),
(2126,	'Litovel'),
(2127,	'Loučany'),
(2128,	'Luběnice'),
(2129,	'Luká'),
(2130,	'Lutín'),
(2131,	'Lužice'),
(2132,	'Majetín'),
(2133,	'Medlov'),
(2134,	'Mladeč'),
(2135,	'Mladějovice'),
(2136,	'Moravský Beroun'),
(2137,	'Mrsklesy'),
(2138,	'Náklo'),
(2139,	'Náměšť na Hané'),
(2140,	'Norberčany'),
(2141,	'Nová Hradečná'),
(2142,	'Olomouc'),
(2143,	'Paseka'),
(2144,	'Pňovice'),
(2145,	'Přáslavice'),
(2146,	'Příkazy'),
(2147,	'Samotišky'),
(2148,	'Senice na Hané'),
(2149,	'Senička'),
(2150,	'Skrbeň'),
(2151,	'Slatinice'),
(2152,	'Střeň'),
(2153,	'Svésedlice'),
(2154,	'Štarnov'),
(2155,	'Štěpánov'),
(2156,	'Šternberk'),
(2157,	'Šumvald'),
(2158,	'Těšetice'),
(2159,	'Tovéř'),
(2160,	'Troubelice'),
(2161,	'Tršice'),
(2162,	'Újezd'),
(2163,	'Uničov'),
(2164,	'Ústín'),
(2165,	'Velká Bystřice'),
(2166,	'Velký Týnec'),
(2167,	'Velký Újezd'),
(2168,	'Věrovany'),
(2169,	'Vilémov'),
(2170,	'Želechovice'),
(2171,	'Žerotín'),
(2172,	'Bedihošť'),
(2173,	'Bílovice-Lutotín'),
(2174,	'Biskupice'),
(2175,	'Bohuslavice'),
(2176,	'Bousín'),
(2177,	'Brodek u Konice'),
(2178,	'Brodek u Prostějova'),
(2179,	'Budětsko'),
(2180,	'Čehovice'),
(2181,	'Čechy pod Kosířem'),
(2182,	'Čelčice'),
(2183,	'Čelechovice na Hané'),
(2184,	'Dětkovice'),
(2185,	'Dobrochov'),
(2186,	'Dobromilice'),
(2187,	'Doloplazy'),
(2188,	'Drahany'),
(2189,	'Držovice'),
(2190,	'Dřevnovice'),
(2191,	'Dzbel'),
(2192,	'Horní Štěpánov'),
(2193,	'Hradčany-Kobeřice'),
(2194,	'Hrdibořice'),
(2195,	'Hrubčice'),
(2196,	'Hruška'),
(2197,	'Hvozd'),
(2198,	'Ivaň'),
(2199,	'Jesenec'),
(2200,	'Kladky'),
(2201,	'Klenovice na Hané'),
(2202,	'Klopotovice'),
(2203,	'Konice'),
(2204,	'Kostelec na Hané'),
(2205,	'Koválovice-Osíčany'),
(2206,	'Kralice na Hané'),
(2207,	'Krumsín'),
(2208,	'Laškov'),
(2209,	'Lešany'),
(2210,	'Lipová'),
(2211,	'Ludmírov'),
(2212,	'Malé Hradisko'),
(2213,	'Mostkovice'),
(2214,	'Myslejovice'),
(2215,	'Němčice nad Hanou'),
(2216,	'Nezamyslice'),
(2217,	'Niva'),
(2218,	'Obědkovice'),
(2219,	'Ohrozim'),
(2220,	'Ochoz'),
(2221,	'Olšany u Prostějova'),
(2222,	'Ondratice'),
(2223,	'Otaslavice'),
(2224,	'Otinoves'),
(2225,	'Pavlovice u Kojetína'),
(2226,	'Pěnčín'),
(2227,	'Pivín'),
(2228,	'Plumlov'),
(2229,	'Polomí'),
(2230,	'Prostějov'),
(2231,	'Prostějovičky'),
(2232,	'Protivanov'),
(2233,	'Přemyslovice'),
(2234,	'Ptení'),
(2235,	'Raková u Konice'),
(2236,	'Rozstání'),
(2237,	'Seloutky'),
(2238,	'Skalka'),
(2239,	'Skřípov'),
(2240,	'Slatinky'),
(2241,	'Smržice'),
(2242,	'Stražisko'),
(2243,	'Suchdol'),
(2244,	'Šubířov'),
(2245,	'Tištín'),
(2246,	'Určice'),
(2247,	'Vícov'),
(2248,	'Vincencov'),
(2249,	'Vitčice'),
(2250,	'Vranovice-Kelčice'),
(2251,	'Vrbátky'),
(2252,	'Vrchoslavice'),
(2253,	'Vřesovice'),
(2254,	'Výšovice'),
(2255,	'Želeč'),
(2256,	'Bělotín'),
(2257,	'Beňov'),
(2258,	'Bohuslávky'),
(2259,	'Bochoř'),
(2260,	'Brodek u Přerova'),
(2261,	'Buk'),
(2262,	'Býškovice'),
(2263,	'Císařov'),
(2264,	'Citov'),
(2265,	'Čechy'),
(2266,	'Černotín'),
(2267,	'Dobrčice'),
(2268,	'Dolní Nětčice'),
(2269,	'Dolní Újezd'),
(2270,	'Domaželice'),
(2271,	'Dřevohostice'),
(2272,	'Grymov'),
(2273,	'Hlinsko'),
(2274,	'Horní Moštěnice'),
(2275,	'Horní Újezd'),
(2276,	'Hradčany'),
(2277,	'Hranice'),
(2278,	'Hustopeče nad Bečvou'),
(2279,	'Jezernice'),
(2280,	'Jindřichov'),
(2281,	'Kladníky'),
(2282,	'Kojetín'),
(2283,	'Kokory'),
(2284,	'Křenovice'),
(2285,	'Křtomil'),
(2286,	'Lazníky'),
(2287,	'Lhotka'),
(2288,	'Lipník nad Bečvou'),
(2289,	'Lipová'),
(2290,	'Líšná'),
(2291,	'Lobodice'),
(2292,	'Měrovice nad Hanou'),
(2293,	'Milenov'),
(2294,	'Milotice nad Bečvou'),
(2295,	'Nahošovice'),
(2296,	'Nelešovice'),
(2297,	'Oldřichov'),
(2298,	'Olšovec'),
(2299,	'Opatovice'),
(2300,	'Oplocany'),
(2301,	'Osek nad Bečvou'),
(2302,	'Paršovice'),
(2303,	'Partutovice'),
(2304,	'Podolí'),
(2305,	'Polkovice'),
(2306,	'Potštát'),
(2307,	'Prosenice'),
(2308,	'Přerov'),
(2309,	'Přestavlky'),
(2310,	'Radslavice'),
(2311,	'Rakov'),
(2312,	'Rokytnice'),
(2313,	'Říkovice'),
(2314,	'Skalička'),
(2315,	'Soběchleby'),
(2316,	'Sobíšky'),
(2317,	'Stará Ves'),
(2318,	'Stříbrnice'),
(2319,	'Střítež nad Ludinou'),
(2320,	'Sušice'),
(2321,	'Šišma'),
(2322,	'Špičky'),
(2323,	'Teplice nad Bečvou'),
(2324,	'Tovačov'),
(2325,	'Troubky'),
(2326,	'Tučín'),
(2327,	'Turovice'),
(2328,	'Týn nad Bečvou'),
(2329,	'Uhřičice'),
(2330,	'Ústí'),
(2331,	'Veselíčko'),
(2332,	'Věžky'),
(2333,	'Vlkoš'),
(2334,	'Všechovice'),
(2335,	'Výkleky'),
(2336,	'Zámrsky'),
(2337,	'Žákovice'),
(2338,	'Želatovice'),
(2339,	'Bludov'),
(2340,	'Bohdíkov'),
(2341,	'Bohuslavice'),
(2342,	'Bohutín'),
(2343,	'Branná'),
(2344,	'Brníčko'),
(2345,	'Dlouhomilov'),
(2346,	'Dolní Studénky'),
(2347,	'Drozdov'),
(2348,	'Dubicko'),
(2349,	'Hanušovice'),
(2350,	'Horní Studénky'),
(2351,	'Hoštejn'),
(2352,	'Hraběšice'),
(2353,	'Hrabišín'),
(2354,	'Hrabová'),
(2355,	'Hynčina'),
(2356,	'Chromeč'),
(2357,	'Jakubovice'),
(2358,	'Jedlí'),
(2359,	'Jestřebí'),
(2360,	'Jindřichov'),
(2361,	'Kamenná'),
(2362,	'Klopina'),
(2363,	'Kolšov'),
(2364,	'Kopřivná'),
(2365,	'Kosov'),
(2366,	'Lesnice'),
(2367,	'Leština'),
(2368,	'Libina'),
(2369,	'Loštice'),
(2370,	'Loučná nad Desnou'),
(2371,	'Lukavice'),
(2372,	'Malá Morava'),
(2373,	'Maletín'),
(2374,	'Mírov'),
(2375,	'Mohelnice'),
(2376,	'Moravičany'),
(2377,	'Nemile'),
(2378,	'Nový Malín'),
(2379,	'Olšany'),
(2380,	'Oskava'),
(2381,	'Pavlov'),
(2382,	'Petrov nad Desnou'),
(2383,	'Písařov'),
(2384,	'Postřelmov'),
(2385,	'Postřelmůvek'),
(2386,	'Rájec'),
(2387,	'Rapotín'),
(2388,	'Rejchartice'),
(2389,	'Rohle'),
(2390,	'Rovensko'),
(2391,	'Ruda nad Moravou'),
(2392,	'Sobotín'),
(2393,	'Staré Město'),
(2394,	'Sudkov'),
(2395,	'Svébohov'),
(2396,	'Štíty'),
(2397,	'Šumperk'),
(2398,	'Třeština'),
(2399,	'Úsov'),
(2400,	'Velké Losiny'),
(2401,	'Vernířovice'),
(2402,	'Vikýřovice'),
(2403,	'Vyšehoří'),
(2404,	'Zábřeh'),
(2405,	'Zvole'),
(2406,	'Běstvina'),
(2407,	'Biskupice'),
(2408,	'Bítovany'),
(2409,	'Bojanov'),
(2410,	'Bor u Skutče'),
(2411,	'Bořice'),
(2412,	'Bylany'),
(2413,	'Ctětín'),
(2414,	'Čankovice'),
(2415,	'Dolní Bezděkov'),
(2416,	'Dřenice'),
(2417,	'Dvakačovice'),
(2418,	'Heřmanův Městec'),
(2419,	'Hlinsko'),
(2420,	'Hluboká'),
(2421,	'Hodonín'),
(2422,	'Holetín'),
(2423,	'Honbice'),
(2424,	'Horka'),
(2425,	'Horní Bradlo'),
(2426,	'Hrochův Týnec'),
(2427,	'Hroubovice'),
(2428,	'Chrast'),
(2429,	'Chroustovice'),
(2430,	'Chrudim'),
(2431,	'Jenišovice'),
(2432,	'Kameničky'),
(2433,	'Kladno'),
(2434,	'Kněžice'),
(2435,	'Kočí'),
(2436,	'Kostelec u Heřmanova Městce'),
(2437,	'Krásné'),
(2438,	'Krouna'),
(2439,	'Lipovec'),
(2440,	'Lozice'),
(2441,	'Lukavice'),
(2442,	'Luže'),
(2443,	'Míčov-Sušice'),
(2444,	'Miřetice'),
(2445,	'Mladoňovice'),
(2446,	'Morašice'),
(2447,	'Nabočany'),
(2448,	'Načešice'),
(2449,	'Nasavrky'),
(2450,	'Orel'),
(2451,	'Ostrov'),
(2452,	'Prachovice'),
(2453,	'Proseč'),
(2454,	'Prosetín'),
(2455,	'Předhradí'),
(2456,	'Přestavlky'),
(2457,	'Rabštejnská Lhota'),
(2458,	'Ronov nad Doubravou'),
(2459,	'Rosice'),
(2460,	'Řestoky'),
(2461,	'Seč'),
(2462,	'Skuteč'),
(2463,	'Slatiňany'),
(2464,	'Smrček'),
(2465,	'Sobětuchy'),
(2466,	'Stolany'),
(2467,	'Střemošice'),
(2468,	'Studnice'),
(2469,	'Svídnice'),
(2470,	'Svratouch'),
(2471,	'Tisovec'),
(2472,	'Trhová Kamenice'),
(2473,	'Trojovice'),
(2474,	'Třemošnice'),
(2475,	'Tuněchody'),
(2476,	'Úhřetice'),
(2477,	'Vápenný Podol'),
(2478,	'Vejvanovice'),
(2479,	'Vítanov'),
(2480,	'Vojtěchov'),
(2481,	'Vortová'),
(2482,	'Vrbatův Kostelec'),
(2483,	'Všeradov'),
(2484,	'Vysočina'),
(2485,	'Vyžice'),
(2486,	'Zaječice'),
(2487,	'Zderaz'),
(2488,	'Žumberk'),
(2489,	'Bezděkov'),
(2490,	'Borek'),
(2491,	'Brloh'),
(2492,	'Břehy'),
(2493,	'Bukovina nad Labem'),
(2494,	'Bukovka'),
(2495,	'Býšť'),
(2496,	'Časy'),
(2497,	'Čeperka'),
(2498,	'Čepí'),
(2499,	'Černá u Bohdanče'),
(2500,	'Dašice'),
(2501,	'Dolany'),
(2502,	'Dolní Roveň'),
(2503,	'Dolní Ředice'),
(2504,	'Dříteč'),
(2505,	'Dubany'),
(2506,	'Hlavečník'),
(2507,	'Holice'),
(2508,	'Horní Jelení'),
(2509,	'Horní Ředice'),
(2510,	'Choltice'),
(2511,	'Choteč'),
(2512,	'Chvaletice'),
(2513,	'Chvojenec'),
(2514,	'Jankovice'),
(2515,	'Jaroslav'),
(2516,	'Jeníkovice'),
(2517,	'Jezbořice'),
(2518,	'Kasalice'),
(2519,	'Kladruby nad Labem'),
(2520,	'Kojice'),
(2521,	'Kostěnice'),
(2522,	'Křičeň'),
(2523,	'Kunětice'),
(2524,	'Labské Chrčice'),
(2525,	'Lány u Dašic'),
(2526,	'Lázně Bohdaneč'),
(2527,	'Libišany'),
(2528,	'Lipoltice'),
(2529,	'Litošice'),
(2530,	'Malé Výkleky'),
(2531,	'Mikulovice'),
(2532,	'Mokošín'),
(2533,	'Morašice'),
(2534,	'Moravany'),
(2535,	'Němčice'),
(2536,	'Neratov'),
(2537,	'Opatovice nad Labem'),
(2538,	'Ostřešany'),
(2539,	'Ostřetín'),
(2540,	'Pardubice'),
(2541,	'Poběžovice u Holic'),
(2542,	'Poběžovice u Přelouče'),
(2543,	'Přelouč'),
(2544,	'Přelovice'),
(2545,	'Přepychy'),
(2546,	'Ráby'),
(2547,	'Rohovládova Bělá'),
(2548,	'Rohoznice'),
(2549,	'Rokytno'),
(2550,	'Rybitví'),
(2551,	'Řečany nad Labem'),
(2552,	'Selmice'),
(2553,	'Semín'),
(2554,	'Sezemice'),
(2555,	'Slepotice'),
(2556,	'Sopřeč'),
(2557,	'Spojil'),
(2558,	'Srch'),
(2559,	'Srnojedy'),
(2560,	'Staré Hradiště'),
(2561,	'Staré Jesenčany'),
(2562,	'Staré Ždánice'),
(2563,	'Starý Mateřov'),
(2564,	'Stéblová'),
(2565,	'Stojice'),
(2566,	'Strašov'),
(2567,	'Svinčany'),
(2568,	'Tetov'),
(2569,	'Trnávka'),
(2570,	'Trusnov'),
(2571,	'Třebosice'),
(2572,	'Turkovice'),
(2573,	'Uhersko'),
(2574,	'Úhřetická Lhota'),
(2575,	'Újezd u Přelouče'),
(2576,	'Valy'),
(2577,	'Vápno'),
(2578,	'Veliny'),
(2579,	'Veselí'),
(2580,	'Vlčí Habřina'),
(2581,	'Voleč'),
(2582,	'Vysoké Chvojno'),
(2583,	'Vyšehněvice'),
(2584,	'Zdechovice'),
(2585,	'Žáravice'),
(2586,	'Živanice'),
(2587,	'Bělá nad Svitavou'),
(2588,	'Biskupice'),
(2589,	'Bohuňovice'),
(2590,	'Borová'),
(2591,	'Borušov'),
(2592,	'Brněnec'),
(2593,	'Březina'),
(2594,	'Březinky'),
(2595,	'Březová nad Svitavou'),
(2596,	'Budislav'),
(2597,	'Bystré'),
(2598,	'Cerekvice nad Loučnou'),
(2599,	'Čistá'),
(2600,	'Desná'),
(2601,	'Dětřichov'),
(2602,	'Dlouhá Loučka'),
(2603,	'Dolní Újezd'),
(2604,	'Horky'),
(2605,	'Horní Újezd'),
(2606,	'Hradec nad Svitavou'),
(2607,	'Chmelík'),
(2608,	'Chornice'),
(2609,	'Chotěnov'),
(2610,	'Chotovice'),
(2611,	'Janov'),
(2612,	'Janůvky'),
(2613,	'Jaroměřice'),
(2614,	'Jarošov'),
(2615,	'Javorník'),
(2616,	'Jedlová'),
(2617,	'Jevíčko'),
(2618,	'Kamenec u Poličky'),
(2619,	'Kamenná Horka'),
(2620,	'Karle'),
(2621,	'Koclířov'),
(2622,	'Korouhev'),
(2623,	'Koruna'),
(2624,	'Kunčina'),
(2625,	'Květná'),
(2626,	'Linhartice'),
(2627,	'Litomyšl'),
(2628,	'Lubná'),
(2629,	'Makov'),
(2630,	'Městečko Trnávka'),
(2631,	'Mladějov na Moravě'),
(2632,	'Morašice'),
(2633,	'Moravská Třebová'),
(2634,	'Nedvězí'),
(2635,	'Němčice'),
(2636,	'Opatov'),
(2637,	'Opatovec'),
(2638,	'Osík'),
(2639,	'Pohledy'),
(2640,	'Polička'),
(2641,	'Pomezí'),
(2642,	'Poříčí u Litomyšle'),
(2643,	'Pustá Rybná'),
(2644,	'Radiměř'),
(2645,	'Rohozná'),
(2646,	'Rozhraní'),
(2647,	'Rozstání'),
(2648,	'Rudná'),
(2649,	'Rychnov na Moravě'),
(2650,	'Sádek'),
(2651,	'Sebranice'),
(2652,	'Sedliště'),
(2653,	'Sloupnice'),
(2654,	'Staré Město'),
(2655,	'Stašov'),
(2656,	'Suchá Lhota'),
(2657,	'Svitavy'),
(2658,	'Svojanov'),
(2659,	'Široký Důl'),
(2660,	'Telecí'),
(2661,	'Trstěnice'),
(2662,	'Tržek'),
(2663,	'Třebařov'),
(2664,	'Újezdec'),
(2665,	'Útěchov'),
(2666,	'Vendolí'),
(2667,	'Vítějeves'),
(2668,	'Vrážné'),
(2669,	'Albrechtice'),
(2670,	'Anenská Studánka'),
(2671,	'Brandýs nad Orlicí'),
(2672,	'Bystřec'),
(2673,	'Cotkytle'),
(2674,	'Čenkovice'),
(2675,	'Červená Voda'),
(2676,	'Česká Rybná'),
(2677,	'Česká Třebová'),
(2678,	'České Heřmanice'),
(2679,	'České Libchavy'),
(2680,	'Damníkov'),
(2681,	'Dlouhá Třebová'),
(2682,	'Dlouhoňovice'),
(2683,	'Dobříkov'),
(2684,	'Dolní Čermná'),
(2685,	'Dolní Dobrouč'),
(2686,	'Dolní Morava'),
(2687,	'Džbánov'),
(2688,	'Helvíkovice'),
(2689,	'Hnátnice'),
(2690,	'Horní Čermná'),
(2691,	'Horní Heřmanice'),
(2692,	'Horní Třešňovec'),
(2693,	'Hrádek'),
(2694,	'Hrušová'),
(2695,	'Choceň'),
(2696,	'Jablonné nad Orlicí'),
(2697,	'Jamné nad Orlicí'),
(2698,	'Javorník'),
(2699,	'Jehnědí'),
(2700,	'Kameničná'),
(2701,	'Klášterec nad Orlicí'),
(2702,	'Koldín'),
(2703,	'Kosořín'),
(2704,	'Králíky'),
(2705,	'Krasíkov'),
(2706,	'Kunvald'),
(2707,	'Lanškroun'),
(2708,	'Leština'),
(2709,	'Letohrad'),
(2710,	'Libecina'),
(2711,	'Libchavy'),
(2712,	'Lichkov'),
(2713,	'Líšnice'),
(2714,	'Lubník'),
(2715,	'Lukavice'),
(2716,	'Luková'),
(2717,	'Mistrovice'),
(2718,	'Mladkov'),
(2719,	'Nasavrky'),
(2720,	'Nekoř'),
(2721,	'Nové Hrady'),
(2722,	'Orlické Podhůří'),
(2723,	'Orličky'),
(2724,	'Ostrov'),
(2725,	'Pastviny'),
(2726,	'Písečná'),
(2727,	'Podlesí'),
(2728,	'Pustina'),
(2729,	'Radhošť'),
(2730,	'Rudoltice'),
(2731,	'Rybník'),
(2732,	'Řepníky'),
(2733,	'Řetová'),
(2734,	'Řetůvka'),
(2735,	'Sázava'),
(2736,	'Semanín'),
(2737,	'Skořenice'),
(2738,	'Slatina'),
(2739,	'Sobkovice'),
(2740,	'Sopotnice'),
(2741,	'Sruby'),
(2742,	'Sudislav nad Orlicí'),
(2743,	'Sudslava'),
(2744,	'Svatý Jiří'),
(2745,	'Tatenice'),
(2746,	'Těchonín'),
(2747,	'Tisová'),
(2748,	'Třebovice'),
(2749,	'Týnišťko'),
(2750,	'Újezd u Chocně'),
(2751,	'Ústí nad Orlicí'),
(2752,	'Velká Skrovnice'),
(2753,	'Verměřovice'),
(2754,	'Vraclav'),
(2755,	'Vračovice-Orlov'),
(2756,	'Výprachtice'),
(2757,	'Vysoké Mýto'),
(2758,	'Záchlumí'),
(2759,	'Zálší'),
(2760,	'Zámrsk'),
(2761,	'Žamberk'),
(2762,	'Žichlínek'),
(2763,	'Babylon'),
(2764,	'Bělá nad Radbuzou'),
(2765,	'Blížejov'),
(2766,	'Brnířov'),
(2767,	'Čečovice'),
(2768,	'Čermná'),
(2769,	'Česká Kubice'),
(2770,	'Díly'),
(2771,	'Domažlice'),
(2772,	'Drahotín'),
(2773,	'Draženov'),
(2774,	'Hlohová'),
(2775,	'Holýšov'),
(2776,	'Horní Kamenice'),
(2777,	'Horšovský Týn'),
(2778,	'Hostouň'),
(2779,	'Hradiště'),
(2780,	'Chodov'),
(2781,	'Chodská Lhota'),
(2782,	'Chrastavice'),
(2783,	'Kanice'),
(2784,	'Kdyně'),
(2785,	'Klenčí pod Čerchovem'),
(2786,	'Koloveč'),
(2787,	'Kout na Šumavě'),
(2788,	'Křenovy'),
(2789,	'Kvíčovice'),
(2790,	'Libkov'),
(2791,	'Loučim'),
(2792,	'Meclov'),
(2793,	'Mezholezy (dříve okres Horšovský'),
(2794,	'Milavče'),
(2795,	'Mířkov'),
(2796,	'Mnichov'),
(2797,	'Močerady'),
(2798,	'Mrákov'),
(2799,	'Mutěnín'),
(2800,	'Nemanice'),
(2801,	'Němčice'),
(2802,	'Neuměř'),
(2803,	'Nová Ves'),
(2804,	'Nový Kramolín'),
(2805,	'Osvračín'),
(2806,	'Pařezov'),
(2807,	'Pasečnice'),
(2808,	'Pec'),
(2809,	'Poběžovice'),
(2810,	'Pocinovice'),
(2811,	'Poděvousy'),
(2812,	'Postřekov'),
(2813,	'Puclice'),
(2814,	'Rybník'),
(2815,	'Semněvice'),
(2816,	'Spáňov'),
(2817,	'Srbice'),
(2818,	'Srby'),
(2819,	'Staňkov'),
(2820,	'Tlumačov'),
(2821,	'Trhanov'),
(2822,	'Úboč'),
(2823,	'Újezd'),
(2824,	'Úsilov'),
(2825,	'Vidice'),
(2826,	'Vlkanov'),
(2827,	'Všekary'),
(2828,	'Všeruby'),
(2829,	'Zahořany'),
(2830,	'Ždánov'),
(2831,	'Běhařov'),
(2832,	'Běšiny'),
(2833,	'Bezděkov'),
(2834,	'Biřkov'),
(2835,	'Bolešiny'),
(2836,	'Břežany'),
(2837,	'Budětice'),
(2838,	'Čachrov'),
(2839,	'Černíkov'),
(2840,	'Červené Poříčí'),
(2841,	'Číhaň'),
(2842,	'Čímice'),
(2843,	'Dešenice'),
(2844,	'Dlažov'),
(2845,	'Dlouhá Ves'),
(2846,	'Dolany'),
(2847,	'Dražovice'),
(2848,	'Frymburk'),
(2849,	'Hamry'),
(2850,	'Hartmanice'),
(2851,	'Hejná'),
(2852,	'Hlavňovice'),
(2853,	'Horažďovice'),
(2854,	'Horská Kvilda'),
(2855,	'Hrádek'),
(2856,	'Hradešice'),
(2857,	'Chanovice'),
(2858,	'Chudenice'),
(2859,	'Chudenín'),
(2860,	'Janovice nad Úhlavou'),
(2861,	'Javor'),
(2862,	'Ježovy'),
(2863,	'Kašperské Hory'),
(2864,	'Klatovy'),
(2865,	'Klenová'),
(2866,	'Kolinec'),
(2867,	'Křenice'),
(2868,	'Kvášňovice'),
(2869,	'Malý Bor'),
(2870,	'Měčín'),
(2871,	'Modrava'),
(2872,	'Mochtín'),
(2873,	'Mokrosuky'),
(2874,	'Myslív'),
(2875,	'Myslovice'),
(2876,	'Nalžovské Hory'),
(2877,	'Nezamyslice'),
(2878,	'Nezdice na Šumavě'),
(2879,	'Nýrsko'),
(2880,	'Obytce'),
(2881,	'Olšany'),
(2882,	'Pačejov'),
(2883,	'Petrovice u Sušice'),
(2884,	'Plánice'),
(2885,	'Podmokly'),
(2886,	'Poleň'),
(2887,	'Prášily'),
(2888,	'Předslav'),
(2889,	'Rabí'),
(2890,	'Rejštejn'),
(2891,	'Slatina'),
(2892,	'Soběšice'),
(2893,	'Srní'),
(2894,	'Strašín'),
(2895,	'Strážov'),
(2896,	'Sušice'),
(2897,	'Svéradice'),
(2898,	'Švihov'),
(2899,	'Tužice'),
(2900,	'Týnec'),
(2901,	'Újezd u Plánice'),
(2902,	'Velhartice'),
(2903,	'Velký Bor'),
(2904,	'Vrhaveč'),
(2905,	'Vřeskovice'),
(2906,	'Zavlekov'),
(2907,	'Zborovy'),
(2908,	'Železná Ruda'),
(2909,	'Žihobce'),
(2910,	'Žichovice'),
(2911,	'Blovice'),
(2912,	'Borovno'),
(2913,	'Borovy'),
(2914,	'Buková'),
(2915,	'Čižice'),
(2916,	'Čížkov'),
(2917,	'Čmelíny'),
(2918,	'Dnešice'),
(2919,	'Dobřany'),
(2920,	'Dolce'),
(2921,	'Dolní Lukavice'),
(2922,	'Drahkov'),
(2923,	'Honezovice'),
(2924,	'Horní Lukavice'),
(2925,	'Horšice'),
(2926,	'Hradec'),
(2927,	'Hradiště'),
(2928,	'Chlumčany'),
(2929,	'Chlumy'),
(2930,	'Chocenice'),
(2931,	'Chotěšov'),
(2932,	'Kasejovice'),
(2933,	'Kbel'),
(2934,	'Klášter'),
(2935,	'Kotovice'),
(2936,	'Kozlovice'),
(2937,	'Letiny'),
(2938,	'Lisov'),
(2939,	'Líšina'),
(2940,	'Lužany'),
(2941,	'Měcholupy'),
(2942,	'Merklín'),
(2943,	'Mileč'),
(2944,	'Milínov'),
(2945,	'Míšov'),
(2946,	'Mladý Smolivec'),
(2947,	'Mohelnice'),
(2948,	'Nebílovy'),
(2949,	'Nepomuk'),
(2950,	'Netunice'),
(2951,	'Neurazy'),
(2952,	'Nezdice'),
(2953,	'Nezdřev'),
(2954,	'Nová Ves'),
(2955,	'Nové Mitrovice'),
(2956,	'Oplot'),
(2957,	'Oselce'),
(2958,	'Polánka'),
(2959,	'Prádlo'),
(2960,	'Předenice'),
(2961,	'Přestavlky'),
(2962,	'Přeštice'),
(2963,	'Příchovice'),
(2964,	'Ptenín'),
(2965,	'Radkovice'),
(2966,	'Roupov'),
(2967,	'Řenče'),
(2968,	'Seč'),
(2969,	'Sedliště'),
(2970,	'Skašov'),
(2971,	'Soběkury'),
(2972,	'Spálené Poříčí'),
(2973,	'Srby'),
(2974,	'Stod'),
(2975,	'Střelice'),
(2976,	'Střížovice'),
(2977,	'Štěnovice'),
(2978,	'Třebčice'),
(2979,	'Týniště'),
(2980,	'Ves Touškov'),
(2981,	'Vlčtejn'),
(2982,	'Vrčeň'),
(2983,	'Vstiš'),
(2984,	'Zdemyslice'),
(2985,	'Zemětice'),
(2986,	'Žákava'),
(2987,	'Ždírec'),
(2988,	'Žinkovy'),
(2989,	'Dýšina'),
(2990,	'Chrást'),
(2991,	'Chválenice'),
(2992,	'Kyšice'),
(2993,	'Letkov'),
(2994,	'Lhůta'),
(2995,	'Losiná'),
(2996,	'Mokrouše'),
(2997,	'Nezbavětice'),
(2998,	'Nezvěstice'),
(2999,	'Plzeň'),
(3000,	'Starý Plzenec'),
(3001,	'Šťáhlavy'),
(3002,	'Štěnovický Borek'),
(3003,	'Tymákov'),
(3004,	'Bdeněves'),
(3005,	'Bílov'),
(3006,	'Blatnice'),
(3007,	'Brodeslavy'),
(3008,	'Bučí'),
(3009,	'Čeminy'),
(3010,	'Čerňovice'),
(3011,	'Dobříč'),
(3012,	'Dolany'),
(3013,	'Dolní Bělá'),
(3014,	'Druztová'),
(3015,	'Heřmanova Huť'),
(3016,	'Hlince'),
(3017,	'Hněvnice'),
(3018,	'Horní Bělá'),
(3019,	'Horní Bříza'),
(3020,	'Hromnice'),
(3021,	'Hvozd'),
(3022,	'Chotíkov'),
(3023,	'Chříč'),
(3024,	'Jarov'),
(3025,	'Kaceřov'),
(3026,	'Kaznějov'),
(3027,	'Kbelany'),
(3028,	'Kopidlo'),
(3029,	'Kozojedy'),
(3030,	'Kozolupy'),
(3031,	'Kožlany'),
(3032,	'Kralovice'),
(3033,	'Krašovice'),
(3034,	'Kunějovice'),
(3035,	'Ledce'),
(3036,	'Líně'),
(3037,	'Líšťany'),
(3038,	'Líté'),
(3039,	'Lochousice'),
(3040,	'Loza'),
(3041,	'Manětín'),
(3042,	'Město Touškov'),
(3043,	'Mladotice'),
(3044,	'Mrtník'),
(3045,	'Myslinka'),
(3046,	'Nadryby'),
(3047,	'Nečtiny'),
(3048,	'Nekmíř'),
(3049,	'Nevřeň'),
(3050,	'Nýřany'),
(3051,	'Obora'),
(3052,	'Pastuchovice'),
(3053,	'Pernarec'),
(3054,	'Pláně'),
(3055,	'Plasy'),
(3056,	'Plešnice'),
(3057,	'Pňovany'),
(3058,	'Potvorov'),
(3059,	'Přehýšov'),
(3060,	'Příšov'),
(3061,	'Rochlov'),
(3062,	'Rybnice'),
(3063,	'Slatina'),
(3064,	'Štichovice'),
(3065,	'Tatiná'),
(3066,	'Tlučná'),
(3067,	'Trnová'),
(3068,	'Třemošná'),
(3069,	'Úherce'),
(3070,	'Újezd nade Mží'),
(3071,	'Úlice'),
(3072,	'Úněšov'),
(3073,	'Úterý'),
(3074,	'Vejprnice'),
(3075,	'Velečín'),
(3076,	'Vochov'),
(3077,	'Všeruby'),
(3078,	'Výrov'),
(3079,	'Vysoká Libyně'),
(3080,	'Zahrádka'),
(3081,	'Zbůch'),
(3082,	'Zruč-Senec'),
(3083,	'Žihle'),
(3084,	'Žilov'),
(3085,	'Bezděkov'),
(3086,	'Břasy'),
(3087,	'Březina'),
(3088,	'Bujesily'),
(3089,	'Bušovice'),
(3090,	'Cekov'),
(3091,	'Dobřív'),
(3092,	'Drahoňův Újezd'),
(3093,	'Ejpovice'),
(3094,	'Hlohovice'),
(3095,	'Holoubkov'),
(3096,	'Hrádek'),
(3097,	'Hůrky'),
(3098,	'Cheznovice'),
(3099,	'Kakejcov'),
(3100,	'Kamenec'),
(3101,	'Kamenný Újezd'),
(3102,	'Kařez'),
(3103,	'Klabava'),
(3104,	'Kladruby'),
(3105,	'Kornatice'),
(3106,	'Lhota pod Radčem'),
(3107,	'Liblín'),
(3108,	'Líšná'),
(3109,	'Litohlavy'),
(3110,	'Medový Újezd'),
(3111,	'Mirošov'),
(3112,	'Mlečice'),
(3113,	'Mýto'),
(3114,	'Němčovice'),
(3115,	'Nevid'),
(3116,	'Osek'),
(3117,	'Ostrovec-Lhotka'),
(3118,	'Plískov'),
(3119,	'Podmokly'),
(3120,	'Příkosice'),
(3121,	'Přívětice'),
(3122,	'Radnice'),
(3123,	'Raková'),
(3124,	'Rokycany'),
(3125,	'Sirá'),
(3126,	'Skomelno'),
(3127,	'Skořice'),
(3128,	'Strašice'),
(3129,	'Štítov'),
(3130,	'Těně'),
(3131,	'Terešov'),
(3132,	'Těškov'),
(3133,	'Trokavec'),
(3134,	'Týček'),
(3135,	'Újezd u Svatého Kříže'),
(3136,	'Vejvanov'),
(3137,	'Veselá'),
(3138,	'Volduchy'),
(3139,	'Všenice'),
(3140,	'Zbiroh'),
(3141,	'Benešovice'),
(3142,	'Bezdružice'),
(3143,	'Bor'),
(3144,	'Brod nad Tichou'),
(3145,	'Broumov'),
(3146,	'Cebiv'),
(3147,	'Ctiboř'),
(3148,	'Částkov'),
(3149,	'Černošín'),
(3150,	'Dlouhý Újezd'),
(3151,	'Erpužice'),
(3152,	'Halže'),
(3153,	'Horní Kozolupy'),
(3154,	'Hošťka'),
(3155,	'Chodová Planá'),
(3156,	'Chodský Újezd'),
(3157,	'Kladruby'),
(3158,	'Kočov'),
(3159,	'Kokašice'),
(3160,	'Konstantinovy Lázně'),
(3161,	'Kostelec'),
(3162,	'Kšice'),
(3163,	'Lesná'),
(3164,	'Lestkov'),
(3165,	'Lom u Tachova'),
(3166,	'Milíře'),
(3167,	'Obora'),
(3168,	'Olbramov'),
(3169,	'Ošelín'),
(3170,	'Planá'),
(3171,	'Prostiboř'),
(3172,	'Přimda'),
(3173,	'Rozvadov'),
(3174,	'Skapce'),
(3175,	'Staré Sedliště'),
(3176,	'Staré Sedlo'),
(3177,	'Stráž'),
(3178,	'Stříbro'),
(3179,	'Studánka'),
(3180,	'Sulislav'),
(3181,	'Svojšín'),
(3182,	'Sytno'),
(3183,	'Tachov'),
(3184,	'Tisová'),
(3185,	'Trpísty'),
(3186,	'Třemešné'),
(3187,	'Únehle'),
(3188,	'Vranov'),
(3189,	'Zadní Chodov'),
(3190,	'Záchlumí'),
(3191,	'Zhoř'),
(3192,	'Benešov'),
(3193,	'Bernartice'),
(3194,	'Bílkovice'),
(3195,	'Blažejovice'),
(3196,	'Bukovany'),
(3197,	'Bystřice'),
(3198,	'Ctiboř'),
(3199,	'Čechtice'),
(3200,	'Čerčany'),
(3201,	'Červený Újezd'),
(3202,	'Český Šternberk'),
(3203,	'Čtyřkoly'),
(3204,	'Děkanovice'),
(3205,	'Divišov'),
(3206,	'Dolní Kralovice'),
(3207,	'Drahňovice'),
(3208,	'Heřmaničky'),
(3209,	'Hulice'),
(3210,	'Hvězdonice'),
(3211,	'Chářovice'),
(3212,	'Chlístov'),
(3213,	'Chocerady'),
(3214,	'Chotýšany'),
(3215,	'Chrášťany'),
(3216,	'Jankov'),
(3217,	'Keblov'),
(3218,	'Kladruby'),
(3219,	'Kondrac'),
(3220,	'Kozmice'),
(3221,	'Krhanice'),
(3222,	'Krňany'),
(3223,	'Křečovice'),
(3224,	'Křivsoudov'),
(3225,	'Lešany'),
(3226,	'Libež'),
(3227,	'Loket'),
(3228,	'Louňovice pod Blaníkem'),
(3229,	'Lštění'),
(3230,	'Maršovice'),
(3231,	'Mezno'),
(3232,	'Miličín'),
(3233,	'Miřetice'),
(3234,	'Mrač'),
(3235,	'Načeradec'),
(3236,	'Nespeky'),
(3237,	'Netvořice'),
(3238,	'Neustupov'),
(3239,	'Neveklov'),
(3240,	'Olbramovice'),
(3241,	'Ostrov'),
(3242,	'Ostředek'),
(3243,	'Petroupim'),
(3244,	'Popovice'),
(3245,	'Poříčí nad Sázavou'),
(3246,	'Postupice'),
(3247,	'Pravonín'),
(3248,	'Přestavlky u Čerčan'),
(3249,	'Psáře'),
(3250,	'Pyšely'),
(3251,	'Rabyně'),
(3252,	'Radošovice'),
(3253,	'Rataje'),
(3254,	'Ratměřice'),
(3255,	'Řehenice'),
(3256,	'Řimovice'),
(3257,	'Sázava'),
(3258,	'Slověnice'),
(3259,	'Soběhrdy'),
(3260,	'Soutice'),
(3261,	'Stranný'),
(3262,	'Strojetice'),
(3263,	'Struhařov'),
(3264,	'Tehov'),
(3265,	'Teplýšovice'),
(3266,	'Tichonice'),
(3267,	'Tisem'),
(3268,	'Trhový Štěpánov'),
(3269,	'Týnec nad Sázavou'),
(3270,	'Václavice'),
(3271,	'Veliš'),
(3272,	'Vlašim'),
(3273,	'Vodslivy'),
(3274,	'Vojkov'),
(3275,	'Votice'),
(3276,	'Vracovice'),
(3277,	'Vranov'),
(3278,	'Vrchotovy Janovice'),
(3279,	'Všechlapy'),
(3280,	'Vysoký Újezd'),
(3281,	'Zdislavice'),
(3282,	'Bavoryně'),
(3283,	'Beroun'),
(3284,	'Běštín'),
(3285,	'Broumy'),
(3286,	'Březová'),
(3287,	'Bubovice'),
(3288,	'Bykoš'),
(3289,	'Cerhovice'),
(3290,	'Drozdov'),
(3291,	'Felbabka'),
(3292,	'Hlásná Třebaň'),
(3293,	'Hořovice'),
(3294,	'Hostomice'),
(3295,	'Hředle'),
(3296,	'Hudlice'),
(3297,	'Hýskov'),
(3298,	'Chaloupky'),
(3299,	'Chlustina'),
(3300,	'Chodouň'),
(3301,	'Chrustenice'),
(3302,	'Chyňava'),
(3303,	'Jivina'),
(3304,	'Karlštejn'),
(3305,	'Komárov'),
(3306,	'Koněprusy'),
(3307,	'Kotopeky'),
(3308,	'Králův Dvůr'),
(3309,	'Kublov'),
(3310,	'Lážovice'),
(3311,	'Lhotka'),
(3312,	'Libomyšl'),
(3313,	'Liteň'),
(3314,	'Loděnice'),
(3315,	'Lochovice'),
(3316,	'Lužce'),
(3317,	'Málkov'),
(3318,	'Měňany'),
(3319,	'Mezouň'),
(3320,	'Mořina'),
(3321,	'Nenačovice'),
(3322,	'Nesvačily'),
(3323,	'Neumětely'),
(3324,	'Nižbor'),
(3325,	'Nový Jáchymov'),
(3326,	'Olešná'),
(3327,	'Osek'),
(3328,	'Osov'),
(3329,	'Otmíče'),
(3330,	'Otročiněves'),
(3331,	'Podbrdy'),
(3332,	'Podluhy'),
(3333,	'Praskolesy'),
(3334,	'Rpety'),
(3335,	'Skřipel'),
(3336,	'Skuhrov'),
(3337,	'Srbsko'),
(3338,	'Stašov'),
(3339,	'Suchomasty'),
(3340,	'Svatá'),
(3341,	'Svatý Jan pod Skalou'),
(3342,	'Svinaře'),
(3343,	'Tetín'),
(3344,	'Tlustice'),
(3345,	'Tmaň'),
(3346,	'Točník'),
(3347,	'Trubín'),
(3348,	'Trubská'),
(3349,	'Újezd'),
(3350,	'Velký Chlumec'),
(3351,	'Vráž'),
(3352,	'Všeradice'),
(3353,	'Vysoký Újezd'),
(3354,	'Zadní Třebaň'),
(3355,	'Zaječov'),
(3356,	'Záluží'),
(3357,	'Zdice'),
(3358,	'Žebrák'),
(3359,	'Železná'),
(3360,	'Běleč'),
(3361,	'Běloky'),
(3362,	'Beřovice'),
(3363,	'Bílichov'),
(3364,	'Blevice'),
(3365,	'Brandýsek'),
(3366,	'Braškov'),
(3367,	'Bratronice'),
(3368,	'Buštěhrad'),
(3369,	'Cvrčovice'),
(3370,	'Černuc'),
(3371,	'Doksy'),
(3372,	'Dolany'),
(3373,	'Drnek'),
(3374,	'Družec'),
(3375,	'Dřetovice'),
(3376,	'Dřínov'),
(3377,	'Hobšovice'),
(3378,	'Horní Bezděkov'),
(3379,	'Hořešovičky'),
(3380,	'Hospozín'),
(3381,	'Hostouň'),
(3382,	'Hradečno'),
(3383,	'Hrdlív'),
(3384,	'Hřebeč'),
(3385,	'Chržín'),
(3386,	'Jarpice'),
(3387,	'Jedomělice'),
(3388,	'Jemníky'),
(3389,	'Kačice'),
(3390,	'Kamenné Žehrovice'),
(3391,	'Kamenný Most'),
(3392,	'Kladno'),
(3393,	'Klobuky'),
(3394,	'Kmetiněves'),
(3395,	'Knovíz'),
(3396,	'Koleč'),
(3397,	'Královice'),
(3398,	'Kutrovice'),
(3399,	'Kvílice'),
(3400,	'Kyšice'),
(3401,	'Lány'),
(3402,	'Ledce'),
(3403,	'Lhota'),
(3404,	'Libovice'),
(3405,	'Libušín'),
(3406,	'Lidice'),
(3407,	'Líský'),
(3408,	'Loucká'),
(3409,	'Makotřasy'),
(3410,	'Malé Kyšice'),
(3411,	'Malé Přítočno'),
(3412,	'Malíkovice'),
(3413,	'Neprobylice'),
(3414,	'Neuměřice'),
(3415,	'Otvovice'),
(3416,	'Páleč'),
(3417,	'Pavlov'),
(3418,	'Pchery'),
(3419,	'Pletený Újezd'),
(3420,	'Podlešín'),
(3421,	'Poštovice'),
(3422,	'Pozdeň'),
(3423,	'Přelíc'),
(3424,	'Řisuty'),
(3425,	'Sazená'),
(3426,	'Slaný'),
(3427,	'Slatina'),
(3428,	'Smečno'),
(3429,	'Stehelčeves'),
(3430,	'Stochov'),
(3431,	'Stradonice'),
(3432,	'Studeněves'),
(3433,	'Svárov'),
(3434,	'Svinařov'),
(3435,	'Šlapanice'),
(3436,	'Třebichovice'),
(3437,	'Třebíz'),
(3438,	'Třebusice'),
(3439,	'Tuchlovice'),
(3440,	'Tuřany'),
(3441,	'Uhy'),
(3442,	'Unhošť'),
(3443,	'Velká Dobrá'),
(3444,	'Velké Přítočno'),
(3445,	'Velvary'),
(3446,	'Vinařice'),
(3447,	'Vraný'),
(3448,	'Vrbičany'),
(3449,	'Zájezd'),
(3450,	'Zákolany'),
(3451,	'Zlonice'),
(3452,	'Zvoleněves'),
(3453,	'Želenice'),
(3454,	'Žilina'),
(3455,	'Žižice'),
(3456,	'Barchovice'),
(3457,	'Bečváry'),
(3458,	'Bělušice'),
(3459,	'Břežany II'),
(3460,	'Býchory'),
(3461,	'Cerhenice'),
(3462,	'Církvice'),
(3463,	'Červené Pečky'),
(3464,	'Český Brod'),
(3465,	'Dobřichov'),
(3466,	'Dolní Chvatliny'),
(3467,	'Doubravčice'),
(3468,	'Drahobudice'),
(3469,	'Grunta'),
(3470,	'Horní Kruty'),
(3471,	'Hradešín'),
(3472,	'Choťovice'),
(3473,	'Chotutice'),
(3474,	'Chrášťany'),
(3475,	'Jestřabí Lhota'),
(3476,	'Kbel'),
(3477,	'Klučov'),
(3478,	'Kolín'),
(3479,	'Konárovice'),
(3480,	'Kořenice'),
(3481,	'Kouřim'),
(3482,	'Krakovany'),
(3483,	'Krupá'),
(3484,	'Krychnov'),
(3485,	'Křečhoř'),
(3486,	'Kšely'),
(3487,	'Libenice'),
(3488,	'Libodřice'),
(3489,	'Lipec'),
(3490,	'Lošany'),
(3491,	'Malotice'),
(3492,	'Masojedy'),
(3493,	'Mrzky'),
(3494,	'Nebovidy'),
(3495,	'Němčice'),
(3496,	'Nová Ves I'),
(3497,	'Ohaře'),
(3498,	'Ovčáry'),
(3499,	'Pašinka'),
(3500,	'Pečky'),
(3501,	'Plaňany'),
(3502,	'Pňov-Předhradí'),
(3503,	'Polepy'),
(3504,	'Polní Chrčice'),
(3505,	'Polní Voděrady'),
(3506,	'Poříčany'),
(3507,	'Přehvozdí'),
(3508,	'Přistoupim'),
(3509,	'Přišimasy'),
(3510,	'Radim'),
(3511,	'Radovesnice II'),
(3512,	'Ratboř'),
(3513,	'Ratenice'),
(3514,	'Rostoklaty'),
(3515,	'Skvrňov'),
(3516,	'Starý Kolín'),
(3517,	'Svojšice'),
(3518,	'Tatce'),
(3519,	'Tismice'),
(3520,	'Toušice'),
(3521,	'Třebovle'),
(3522,	'Tři Dvory'),
(3523,	'Tuchoraz'),
(3524,	'Tuklaty'),
(3525,	'Týnec nad Labem'),
(3526,	'Velim'),
(3527,	'Velký Osek'),
(3528,	'Veltruby'),
(3529,	'Vitice'),
(3530,	'Volárna'),
(3531,	'Vrátkov'),
(3532,	'Vrbčany'),
(3533,	'Zásmuky'),
(3534,	'Žabonosy'),
(3535,	'Ždánice'),
(3536,	'Žehuň'),
(3537,	'Žiželice'),
(3538,	'Bernardov'),
(3539,	'Bílé Podolí'),
(3540,	'Bohdaneč'),
(3541,	'Bratčice'),
(3542,	'Církvice'),
(3543,	'Čáslav'),
(3544,	'Černíny'),
(3545,	'Červené Janovice'),
(3546,	'Čestín'),
(3547,	'Dobrovítov'),
(3548,	'Dolní Pohleď'),
(3549,	'Drobovice'),
(3550,	'Hlízov'),
(3551,	'Horka I'),
(3552,	'Horka II'),
(3553,	'Horky'),
(3554,	'Horušice'),
(3555,	'Hostovlice'),
(3556,	'Chabeřice'),
(3557,	'Chlístovice'),
(3558,	'Chotusice'),
(3559,	'Kácov'),
(3560,	'Kluky'),
(3561,	'Kobylnice'),
(3562,	'Košice'),
(3563,	'Krchleby'),
(3564,	'Křesetice'),
(3565,	'Kutná Hora'),
(3566,	'Ledečko'),
(3567,	'Malešov'),
(3568,	'Miskovice'),
(3569,	'Močovice'),
(3570,	'Nové Dvory'),
(3571,	'Okřesaneč'),
(3572,	'Onomyšl'),
(3573,	'Opatovice I'),
(3574,	'Paběnice'),
(3575,	'Pertoltice'),
(3576,	'Petrovice I'),
(3577,	'Petrovice II'),
(3578,	'Podveky'),
(3579,	'Rašovice'),
(3580,	'Rataje nad Sázavou'),
(3581,	'Rohozec'),
(3582,	'Řendějov'),
(3583,	'Samopše'),
(3584,	'Semtěš'),
(3585,	'Slavošov'),
(3586,	'Staňkovice'),
(3587,	'Starkoč'),
(3588,	'Suchdol'),
(3589,	'Svatý Mikuláš'),
(3590,	'Šebestěnice'),
(3591,	'Štipoklasy'),
(3592,	'Třebešice'),
(3593,	'Tupadly'),
(3594,	'Uhlířské Janovice'),
(3595,	'Úmonín'),
(3596,	'Úžice'),
(3597,	'Vavřinec'),
(3598,	'Vinaře'),
(3599,	'Vlačice'),
(3600,	'Vlastějovice'),
(3601,	'Vlkaneč'),
(3602,	'Vrdy'),
(3603,	'Záboří nad Labem'),
(3604,	'Zbizuby'),
(3605,	'Zbraslavice'),
(3606,	'Zbýšov'),
(3607,	'Zruč nad Sázavou'),
(3608,	'Žáky'),
(3609,	'Žehušice'),
(3610,	'Žleby'),
(3611,	'Býkev'),
(3612,	'Byšice'),
(3613,	'Cítov'),
(3614,	'Čakovičky'),
(3615,	'Čečelice'),
(3616,	'Dobřeň'),
(3617,	'Dolany'),
(3618,	'Dolní Beřkovice'),
(3619,	'Dřínov'),
(3620,	'Horní Počaply'),
(3621,	'Hořín'),
(3622,	'Hostín'),
(3623,	'Hostín u Vojkovic'),
(3624,	'Chlumín'),
(3625,	'Chorušice'),
(3626,	'Chvatěruby'),
(3627,	'Jeviněves'),
(3628,	'Kadlín'),
(3629,	'Kanina'),
(3630,	'Kly'),
(3631,	'Kojetice'),
(3632,	'Kokořín'),
(3633,	'Kostelec nad Labem'),
(3634,	'Kozomín'),
(3635,	'Kralupy nad Vltavou'),
(3636,	'Ledčice'),
(3637,	'Lhotka'),
(3638,	'Liběchov'),
(3639,	'Libiš'),
(3640,	'Liblice'),
(3641,	'Lobeč'),
(3642,	'Lužec nad Vltavou'),
(3643,	'Malý Újezd'),
(3644,	'Medonosy'),
(3645,	'Mělnické Vtelno'),
(3646,	'Mělník'),
(3647,	'Mšeno'),
(3648,	'Nebužely'),
(3649,	'Nedomice'),
(3650,	'Nelahozeves'),
(3651,	'Neratovice'),
(3652,	'Nosálov'),
(3653,	'Nová Ves'),
(3654,	'Obříství'),
(3655,	'Olovnice'),
(3656,	'Ovčáry'),
(3657,	'Postřižín'),
(3658,	'Řepín'),
(3659,	'Spomyšl'),
(3660,	'Stránka'),
(3661,	'Střemy'),
(3662,	'Tišice'),
(3663,	'Tuhaň'),
(3664,	'Tupadly'),
(3665,	'Úžice'),
(3666,	'Velký Borek'),
(3667,	'Veltrusy'),
(3668,	'Vidim'),
(3669,	'Vojkovice'),
(3670,	'Vraňany'),
(3671,	'Všestudy'),
(3672,	'Všetaty'),
(3673,	'Vysoká'),
(3674,	'Zálezlice'),
(3675,	'Zlončice'),
(3676,	'Zlosyň'),
(3677,	'Želízy'),
(3678,	'Bakov nad Jizerou'),
(3679,	'Bělá pod Bezdězem'),
(3680,	'Benátky nad Jizerou'),
(3681,	'Bezno'),
(3682,	'Bílá Hlína'),
(3683,	'Bítouchov'),
(3684,	'Boreč'),
(3685,	'Boseň'),
(3686,	'Bradlec'),
(3687,	'Branžež'),
(3688,	'Brodce'),
(3689,	'Březina'),
(3690,	'Březno'),
(3691,	'Březovice'),
(3692,	'Bukovno'),
(3693,	'Ctiměřice'),
(3694,	'Čachovice'),
(3695,	'Čistá'),
(3696,	'Dalovice'),
(3697,	'Dlouhá Lhota'),
(3698,	'Dobrovice'),
(3699,	'Dolní Bousov'),
(3700,	'Dolní Krupá'),
(3701,	'Dolní Slivno'),
(3702,	'Dolní Stakory'),
(3703,	'Domousnice'),
(3704,	'Doubravička'),
(3705,	'Horky nad Jizerou'),
(3706,	'Horní Bukovina'),
(3707,	'Hrdlořezy'),
(3708,	'Hrušov'),
(3709,	'Husí Lhota'),
(3710,	'Charvatce'),
(3711,	'Chocnějovice'),
(3712,	'Chotětov'),
(3713,	'Chudíř'),
(3714,	'Jabkenice'),
(3715,	'Jivina'),
(3716,	'Jizerní Vtelno'),
(3717,	'Josefův Důl'),
(3718,	'Katusice'),
(3719,	'Klášter Hradiště nad Jizerou'),
(3720,	'Kněžmost'),
(3721,	'Kobylnice'),
(3722,	'Kochánky'),
(3723,	'Kolomuty'),
(3724,	'Koryta'),
(3725,	'Kosmonosy'),
(3726,	'Kosořice'),
(3727,	'Kováň'),
(3728,	'Kovanec'),
(3729,	'Krásná Ves'),
(3730,	'Krnsko'),
(3731,	'Kropáčova Vrutice'),
(3732,	'Ledce'),
(3733,	'Lhotky'),
(3734,	'Lipník'),
(3735,	'Loukov'),
(3736,	'Loukovec'),
(3737,	'Luštěnice'),
(3738,	'Mečeříž'),
(3739,	'Mladá Boleslav'),
(3740,	'Mnichovo Hradiště'),
(3741,	'Mohelnice nad Jizerou'),
(3742,	'Mukařov'),
(3743,	'Němčice'),
(3744,	'Nemyslovice'),
(3745,	'Nepřevázka'),
(3746,	'Neveklovice'),
(3747,	'Niměřice'),
(3748,	'Nová Telib'),
(3749,	'Nová Ves u Bakova'),
(3750,	'Obrubce'),
(3751,	'Obruby'),
(3752,	'Pěčice'),
(3753,	'Pětikozly'),
(3754,	'Petkovy'),
(3755,	'Písková Lhota'),
(3756,	'Plazy'),
(3757,	'Plužná'),
(3758,	'Prodašice'),
(3759,	'Předměřice nad Jizerou'),
(3760,	'Přepeře'),
(3761,	'Ptýrov'),
(3762,	'Rabakov'),
(3763,	'Rohatsko'),
(3764,	'Rokytá'),
(3765,	'Rokytovec'),
(3766,	'Řepov'),
(3767,	'Řitonice'),
(3768,	'Sedlec'),
(3769,	'Semčice'),
(3770,	'Skalsko'),
(3771,	'Skorkov'),
(3772,	'Smilovice'),
(3773,	'Sojovice'),
(3774,	'Sovínky'),
(3775,	'Strašnov'),
(3776,	'Strenice'),
(3777,	'Sudoměř'),
(3778,	'Sukorady'),
(3779,	'Tuřice'),
(3780,	'Ujkovice'),
(3781,	'Veselice'),
(3782,	'Vinařice'),
(3783,	'Vinec'),
(3784,	'Vlkava'),
(3785,	'Vrátno'),
(3786,	'Všejany'),
(3787,	'Zdětín'),
(3788,	'Žďár'),
(3789,	'Žerčice'),
(3790,	'Židněves'),
(3791,	'Běrunice'),
(3792,	'Bobnice'),
(3793,	'Bříství'),
(3794,	'Budiměřice'),
(3795,	'Černíky'),
(3796,	'Čilec'),
(3797,	'Činěves'),
(3798,	'Dlouhopolsko'),
(3799,	'Dobšice'),
(3800,	'Dvory'),
(3801,	'Dymokury'),
(3802,	'Hořany'),
(3803,	'Hořátev'),
(3804,	'Hradištko'),
(3805,	'Hrubý Jeseník'),
(3806,	'Chleby'),
(3807,	'Choťánky'),
(3808,	'Chotěšice'),
(3809,	'Chrást'),
(3810,	'Chroustov'),
(3811,	'Jíkev'),
(3812,	'Jiřice'),
(3813,	'Jizbice'),
(3814,	'Kamenné Zboží'),
(3815,	'Kněžice'),
(3816,	'Kněžičky'),
(3817,	'Kolaje'),
(3818,	'Kostelní Lhota'),
(3819,	'Kostomlátky'),
(3820,	'Kostomlaty nad Labem'),
(3821,	'Košík'),
(3822,	'Kounice'),
(3823,	'Kouty'),
(3824,	'Kovanice'),
(3825,	'Krchleby'),
(3826,	'Křečkov'),
(3827,	'Křinec'),
(3828,	'Libice nad Cidlinou'),
(3829,	'Loučeň'),
(3830,	'Lysá nad Labem'),
(3831,	'Mcely'),
(3832,	'Městec Králové'),
(3833,	'Milčice'),
(3834,	'Milovice'),
(3835,	'Nový Dvůr'),
(3836,	'Nymburk'),
(3837,	'Odřepsy'),
(3838,	'Okřínek'),
(3839,	'Opočnice'),
(3840,	'Opolany'),
(3841,	'Oseček'),
(3842,	'Oskořínek'),
(3843,	'Ostrá'),
(3844,	'Pátek'),
(3845,	'Písková Lhota'),
(3846,	'Písty'),
(3847,	'Poděbrady'),
(3848,	'Podmoky'),
(3849,	'Přerov nad Labem'),
(3850,	'Rožďalovice'),
(3851,	'Sadská'),
(3852,	'Sány'),
(3853,	'Seletice'),
(3854,	'Semice'),
(3855,	'Senice'),
(3856,	'Sloveč'),
(3857,	'Sokoleč'),
(3858,	'Stará Lysá'),
(3859,	'Starý Vestec'),
(3860,	'Straky'),
(3861,	'Stratov'),
(3862,	'Třebestovice'),
(3863,	'Úmyslovice'),
(3864,	'Velenice'),
(3865,	'Velenka'),
(3866,	'Vestec'),
(3867,	'Vlkov pod Oškobrhem'),
(3868,	'Vrbice'),
(3869,	'Vrbová Lhota'),
(3870,	'Všechlapy'),
(3871,	'Vykáň'),
(3872,	'Záhornice'),
(3873,	'Zbožíčko'),
(3874,	'Zvěřínek'),
(3875,	'Žitovlice'),
(3876,	'Babice'),
(3877,	'Bašť'),
(3878,	'Borek'),
(3879,	'Bořanovice'),
(3880,	'Brandýs nad Labem-Stará Boleslav'),
(3881,	'Brázdim'),
(3882,	'Březí'),
(3883,	'Čelákovice'),
(3884,	'Černé Voděrady'),
(3885,	'Čestlice'),
(3886,	'Dobročovice'),
(3887,	'Dobřejovice'),
(3888,	'Doubek'),
(3889,	'Dřevčice'),
(3890,	'Dřísy'),
(3891,	'Herink'),
(3892,	'Hlavenec'),
(3893,	'Horoušany'),
(3894,	'Hovorčovice'),
(3895,	'Hrusice'),
(3896,	'Husinec'),
(3897,	'Jenštejn'),
(3898,	'Jevany'),
(3899,	'Jirny'),
(3900,	'Kaliště'),
(3901,	'Kamenice'),
(3902,	'Káraný'),
(3903,	'Klecany'),
(3904,	'Klíčany'),
(3905,	'Klokočná'),
(3906,	'Konětopy'),
(3907,	'Konojedy'),
(3908,	'Kostelec nad Černými Lesy'),
(3909,	'Kostelec u Křížků'),
(3910,	'Kostelní Hlavno'),
(3911,	'Kozojedy'),
(3912,	'Křenek'),
(3913,	'Křenice'),
(3914,	'Křížkový Újezdec'),
(3915,	'Kunice'),
(3916,	'Květnice'),
(3917,	'Lázně Toušeň'),
(3918,	'Lhota'),
(3919,	'Líbeznice'),
(3920,	'Louňovice'),
(3921,	'Máslovice'),
(3922,	'Měšice'),
(3923,	'Mirošovice'),
(3924,	'Mnichovice'),
(3925,	'Modletice'),
(3926,	'Mochov'),
(3927,	'Mratín'),
(3928,	'Mukařov'),
(3929,	'Nehvizdy'),
(3930,	'Nová Ves'),
(3931,	'Nový Vestec'),
(3932,	'Nučice'),
(3933,	'Nupaky'),
(3934,	'Odolena Voda'),
(3935,	'Oleška'),
(3936,	'Ondřejov'),
(3937,	'Panenské Břežany'),
(3938,	'Pětihosty'),
(3939,	'Petříkov'),
(3940,	'Podolanka'),
(3941,	'Polerady'),
(3942,	'Popovičky'),
(3943,	'Prusice'),
(3944,	'Předboj'),
(3945,	'Přezletice'),
(3946,	'Radějovice'),
(3947,	'Radonice'),
(3948,	'Říčany'),
(3949,	'Sedlec'),
(3950,	'Senohraby'),
(3951,	'Sibřina'),
(3952,	'Sluhy'),
(3953,	'Sluštice'),
(3954,	'Strančice'),
(3955,	'Struhařov'),
(3956,	'Stříbrná Skalice'),
(3957,	'Sudovo Hlavno'),
(3958,	'Sulice'),
(3959,	'Svémyslice'),
(3960,	'Světice'),
(3961,	'Svojetice'),
(3962,	'Šestajovice'),
(3963,	'Škvorec'),
(3964,	'Štíhlice'),
(3965,	'Tehov'),
(3966,	'Tehovec'),
(3967,	'Úvaly'),
(3968,	'Veleň'),
(3969,	'Veliká Ves'),
(3970,	'Velké Popovice'),
(3971,	'Větrušice'),
(3972,	'Vlkančice'),
(3973,	'Vodochody'),
(3974,	'Všestary'),
(3975,	'Vyšehořovice'),
(3976,	'Výžerky'),
(3977,	'Vyžlovka'),
(3978,	'Zápy'),
(3979,	'Záryby'),
(3980,	'Zdiby'),
(3981,	'Zeleneč'),
(3982,	'Zlatá'),
(3983,	'Zlonín'),
(3984,	'Zvánovice'),
(3985,	'Bojanovice'),
(3986,	'Bratřínov'),
(3987,	'Březová-Oleško'),
(3988,	'Buš'),
(3989,	'Černolice'),
(3990,	'Černošice'),
(3991,	'Červený Újezd'),
(3992,	'Číčovice'),
(3993,	'Čisovice'),
(3994,	'Davle'),
(3995,	'Dobrovíz'),
(3996,	'Dobříč'),
(3997,	'Dobřichovice'),
(3998,	'Dolní Břežany'),
(3999,	'Drahelčice'),
(4000,	'Holubice'),
(4001,	'Horoměřice'),
(4002,	'Hostivice'),
(4003,	'Hradištko'),
(4004,	'Hvozdnice'),
(4005,	'Choteč'),
(4006,	'Chrášťany'),
(4007,	'Chýně'),
(4008,	'Chýnice'),
(4009,	'Jeneč'),
(4010,	'Jesenice'),
(4011,	'Jílové u Prahy'),
(4012,	'Jíloviště'),
(4013,	'Jinočany'),
(4014,	'Kamenný Přívoz'),
(4015,	'Karlík'),
(4016,	'Klínec'),
(4017,	'Kněževes'),
(4018,	'Kosoř'),
(4019,	'Kytín'),
(4020,	'Lety'),
(4021,	'Libčice nad Vltavou'),
(4022,	'Libeř'),
(4023,	'Lichoceves'),
(4024,	'Líšnice'),
(4025,	'Měchenice'),
(4026,	'Mníšek pod Brdy'),
(4027,	'Nučice'),
(4028,	'Ohrobec'),
(4029,	'Okoř'),
(4030,	'Okrouhlo'),
(4031,	'Ořech'),
(4032,	'Petrov'),
(4033,	'Pohoří'),
(4034,	'Průhonice'),
(4035,	'Psáry'),
(4036,	'Ptice'),
(4037,	'Roblín'),
(4038,	'Roztoky'),
(4039,	'Rudná'),
(4040,	'Řevnice'),
(4041,	'Řitka'),
(4042,	'Slapy'),
(4043,	'Statenice'),
(4044,	'Středokluky'),
(4045,	'Svrkyně'),
(4046,	'Štěchovice'),
(4047,	'Tachlovice'),
(4048,	'Trnová'),
(4049,	'Třebotov'),
(4050,	'Tuchoměřice'),
(4051,	'Tursko'),
(4052,	'Úholičky'),
(4053,	'Úhonice'),
(4054,	'Únětice'),
(4055,	'Velké Přílepy'),
(4056,	'Vestec'),
(4057,	'Vonoklasy'),
(4058,	'Vrané nad Vltavou'),
(4059,	'Všenory'),
(4060,	'Zahořany'),
(4061,	'Zbuzany'),
(4062,	'Zlatníky-Hodkovice'),
(4063,	'Zvole'),
(4064,	'Bohostice'),
(4065,	'Bohutín'),
(4066,	'Borotice'),
(4067,	'Březnice'),
(4068,	'Buková u Příbramě'),
(4069,	'Bukovany'),
(4070,	'Cetyně'),
(4071,	'Čenkov'),
(4072,	'Čím'),
(4073,	'Daleké Dušníky'),
(4074,	'Dlouhá Lhota'),
(4075,	'Dobříš'),
(4076,	'Dolní Hbity'),
(4077,	'Drahenice'),
(4078,	'Drahlín'),
(4079,	'Drevníky'),
(4080,	'Drhovy'),
(4081,	'Dubenec'),
(4082,	'Dublovice'),
(4083,	'Dubno'),
(4084,	'Hluboš'),
(4085,	'Horčápsko'),
(4086,	'Hřiměždice'),
(4087,	'Hudčice'),
(4088,	'Hvožďany'),
(4089,	'Chotilsko'),
(4090,	'Chraštice'),
(4091,	'Jablonná'),
(4092,	'Jesenice'),
(4093,	'Jince'),
(4094,	'Kamýk nad Vltavou'),
(4095,	'Klučenice'),
(4096,	'Kňovice'),
(4097,	'Korkyně'),
(4098,	'Kosova Hora'),
(4099,	'Kotenčice'),
(4100,	'Koupě'),
(4101,	'Kozárovice'),
(4102,	'Krásná Hora nad Vltavou'),
(4103,	'Křepenice'),
(4104,	'Láz'),
(4105,	'Lazsko'),
(4106,	'Lešetice'),
(4107,	'Lhota u Příbramě'),
(4108,	'Malá Hraštice'),
(4109,	'Milešov'),
(4110,	'Milín'),
(4111,	'Modřovice'),
(4112,	'Mokrovraty'),
(4113,	'Nalžovice'),
(4114,	'Narysov'),
(4115,	'Nečín'),
(4116,	'Nedrahovice'),
(4117,	'Nechvalice'),
(4118,	'Nepomuk'),
(4119,	'Nová Ves pod Pleší'),
(4120,	'Nové Dvory'),
(4121,	'Nový Knín'),
(4122,	'Občov'),
(4123,	'Obecnice'),
(4124,	'Obory'),
(4125,	'Obořiště'),
(4126,	'Ohrazenice'),
(4127,	'Osečany'),
(4128,	'Ouběnice'),
(4129,	'Pečice'),
(4130,	'Petrovice'),
(4131,	'Pičín'),
(4132,	'Počaply'),
(4133,	'Počepice'),
(4134,	'Podlesí'),
(4135,	'Prosenická Lhota'),
(4136,	'Příbram'),
(4137,	'Příčovy'),
(4138,	'Radětice'),
(4139,	'Radíč'),
(4140,	'Rosovice'),
(4141,	'Rožmitál pod Třemšínem'),
(4142,	'Rybníky'),
(4143,	'Sádek'),
(4144,	'Sedlčany'),
(4145,	'Sedlec-Prčice'),
(4146,	'Sedlice'),
(4147,	'Smolotely'),
(4148,	'Solenice'),
(4149,	'Stará Huť'),
(4150,	'Suchodol'),
(4151,	'Svaté Pole'),
(4152,	'Svatý Jan'),
(4153,	'Štětkovice'),
(4154,	'Tochovice'),
(4155,	'Trhové Dušníky'),
(4156,	'Velká Lečice'),
(4157,	'Věšín'),
(4158,	'Višňová'),
(4159,	'Voznice'),
(4160,	'Vranovice'),
(4161,	'Vševily'),
(4162,	'Vysoká u Příbramě'),
(4163,	'Vysoký Chlumec'),
(4164,	'Zalužany'),
(4165,	'Zduchovice'),
(4166,	'Branov'),
(4167,	'Břežany'),
(4168,	'Čistá'),
(4169,	'Děkov'),
(4170,	'Hořesedly'),
(4171,	'Hořovičky'),
(4172,	'Hracholusky'),
(4173,	'Hřebečníky'),
(4174,	'Hředle'),
(4175,	'Hvozd'),
(4176,	'Chrášťany'),
(4177,	'Jesenice'),
(4178,	'Karlova Ves'),
(4179,	'Kněževes'),
(4180,	'Kolešov'),
(4181,	'Kolešovice'),
(4182,	'Kounov'),
(4183,	'Kozojedy'),
(4184,	'Krakov'),
(4185,	'Krakovec'),
(4186,	'Kroučová'),
(4187,	'Krty'),
(4188,	'Krupá'),
(4189,	'Krušovice'),
(4190,	'Křivoklát'),
(4191,	'Lašovice'),
(4192,	'Lišany'),
(4193,	'Lubná'),
(4194,	'Lužná'),
(4195,	'Milostín'),
(4196,	'Mšec'),
(4197,	'Mšecké Žehrovice'),
(4198,	'Mutějovice'),
(4199,	'Nesuchyně'),
(4200,	'Nové Strašecí'),
(4201,	'Nový Dům'),
(4202,	'Olešná'),
(4203,	'Oráčov'),
(4204,	'Panoší Újezd'),
(4205,	'Pavlíkov'),
(4206,	'Petrovice'),
(4207,	'Pochvalov'),
(4208,	'Příčina'),
(4209,	'Přílepy'),
(4210,	'Pšovlky'),
(4211,	'Pustověty'),
(4212,	'Rakovník'),
(4213,	'Roztoky'),
(4214,	'Ruda'),
(4215,	'Rynholec'),
(4216,	'Řeřichy'),
(4217,	'Řevničov'),
(4218,	'Senec'),
(4219,	'Senomaty'),
(4220,	'Skryje'),
(4221,	'Slabce'),
(4222,	'Smilovice'),
(4223,	'Srbeč'),
(4224,	'Svojetín'),
(4225,	'Sýkořice'),
(4226,	'Šanov'),
(4227,	'Šípy'),
(4228,	'Švihov'),
(4229,	'Třeboc'),
(4230,	'Třtice'),
(4231,	'Václavy'),
(4232,	'Velká Buková'),
(4233,	'Všesulov'),
(4234,	'Všetaty'),
(4235,	'Zavidov'),
(4236,	'Zbečno'),
(4237,	'Arnoltice'),
(4238,	'Benešov nad Ploučnicí'),
(4239,	'Bynovec'),
(4240,	'Česká Kamenice'),
(4241,	'Děčín'),
(4242,	'Dobkovice'),
(4243,	'Dobrná'),
(4244,	'Dolní Habartice'),
(4245,	'Dolní Podluží'),
(4246,	'Dolní Poustevna'),
(4247,	'Doubice'),
(4248,	'Františkov nad Ploučnicí'),
(4249,	'Heřmanov'),
(4250,	'Horní Habartice'),
(4251,	'Horní Podluží'),
(4252,	'Hřensko'),
(4253,	'Huntířov'),
(4254,	'Chřibská'),
(4255,	'Janov'),
(4256,	'Jetřichovice'),
(4257,	'Jílové'),
(4258,	'Jiřetín pod Jedlovou'),
(4259,	'Jiříkov'),
(4260,	'Kámen'),
(4261,	'Krásná Lípa'),
(4262,	'Kunratice'),
(4263,	'Kytlice'),
(4264,	'Labská Stráň'),
(4265,	'Lipová'),
(4266,	'Lobendava'),
(4267,	'Ludvíkovice'),
(4268,	'Malá Veleň'),
(4269,	'Malšovice'),
(4270,	'Markvartice'),
(4271,	'Merboltice'),
(4272,	'Mikulášovice'),
(4273,	'Rumburk'),
(4274,	'Růžová'),
(4275,	'Rybniště'),
(4276,	'Staré Křečany'),
(4277,	'Šluknov'),
(4278,	'Těchlovice'),
(4279,	'Valkeřice'),
(4280,	'Varnsdorf'),
(4281,	'Velká Bukovina'),
(4282,	'Velký Šenov'),
(4283,	'Verneřice'),
(4284,	'Vilémov'),
(4285,	'Bílence'),
(4286,	'Blatno'),
(4287,	'Boleboř'),
(4288,	'Březno'),
(4289,	'Černovice'),
(4290,	'Domašín'),
(4291,	'Droužkovice'),
(4292,	'Hora Svatého Šebestiána'),
(4293,	'Hrušovany'),
(4294,	'Chbany'),
(4295,	'Chomutov'),
(4296,	'Jirkov'),
(4297,	'Kadaň'),
(4298,	'Kalek'),
(4299,	'Klášterec nad Ohří'),
(4300,	'Kovářská'),
(4301,	'Kryštofovy Hamry'),
(4302,	'Křimov'),
(4303,	'Loučná pod Klínovcem'),
(4304,	'Málkov'),
(4305,	'Mašťov'),
(4306,	'Místo'),
(4307,	'Nezabylice'),
(4308,	'Okounov'),
(4309,	'Otvice'),
(4310,	'Perštejn'),
(4311,	'Račetice'),
(4312,	'Radonice'),
(4313,	'Rokle'),
(4314,	'Spořice'),
(4315,	'Strupčice'),
(4316,	'Údlice'),
(4317,	'Vejprty'),
(4318,	'Veliká Ves'),
(4319,	'Vilémov'),
(4320,	'Všehrdy'),
(4321,	'Všestudy'),
(4322,	'Výsluní'),
(4323,	'Vysoká Pec'),
(4324,	'Bechlín'),
(4325,	'Bohušovice nad Ohří'),
(4326,	'Brňany'),
(4327,	'Brozany nad Ohří'),
(4328,	'Brzánky'),
(4329,	'Bříza'),
(4330,	'Budyně nad Ohří'),
(4331,	'Býčkovice'),
(4332,	'Ctiněves'),
(4333,	'Černěves'),
(4334,	'Čížkovice'),
(4335,	'Děčany'),
(4336,	'Dlažkovice'),
(4337,	'Dobříň'),
(4338,	'Doksany'),
(4339,	'Dolánky nad Ohří'),
(4340,	'Drahobuz'),
(4341,	'Dušníky'),
(4342,	'Evaň'),
(4343,	'Hlinná'),
(4344,	'Horní Beřkovice'),
(4345,	'Horní Řepčice'),
(4346,	'Hoštka'),
(4347,	'Hrobce'),
(4348,	'Chodouny'),
(4349,	'Chotěšov'),
(4350,	'Chotiměř'),
(4351,	'Chotiněves'),
(4352,	'Chudoslavice'),
(4353,	'Jenčice'),
(4354,	'Kamýk'),
(4355,	'Keblice'),
(4356,	'Klapý'),
(4357,	'Kleneč'),
(4358,	'Kostomlaty pod Řípem'),
(4359,	'Krabčice'),
(4360,	'Křesín'),
(4361,	'Křešice'),
(4362,	'Kyškovice'),
(4363,	'Levín'),
(4364,	'Lhotka nad Labem'),
(4365,	'Liběšice'),
(4366,	'Libkovice pod Řípem'),
(4367,	'Libochovany'),
(4368,	'Libochovice'),
(4369,	'Libotenice'),
(4370,	'Litoměřice'),
(4371,	'Lkáň'),
(4372,	'Lovečkovice'),
(4373,	'Lovosice'),
(4374,	'Lukavec'),
(4375,	'Malé Žernoseky'),
(4376,	'Malíč'),
(4377,	'Martiněves'),
(4378,	'Miřejovice'),
(4379,	'Mlékojedy'),
(4380,	'Mnetěš'),
(4381,	'Mšené-lázně'),
(4382,	'Nové Dvory'),
(4383,	'Oleško'),
(4384,	'Píšťany'),
(4385,	'Ploskovice'),
(4386,	'Podsedice'),
(4387,	'Polepy'),
(4388,	'Prackovice nad Labem'),
(4389,	'Přestavlky'),
(4390,	'Račice'),
(4391,	'Račiněves'),
(4392,	'Radovesice'),
(4393,	'Rochov'),
(4394,	'Roudnice nad Labem'),
(4395,	'Sedlec'),
(4396,	'Siřejovice'),
(4397,	'Slatina'),
(4398,	'Snědovice'),
(4399,	'Staňkovice'),
(4400,	'Straškov-Vodochody'),
(4401,	'Sulejovice'),
(4402,	'Štětí'),
(4403,	'Terezín'),
(4404,	'Travčice'),
(4405,	'Trnovany'),
(4406,	'Třebenice'),
(4407,	'Třebívlice'),
(4408,	'Třebušín'),
(4409,	'Úpohlavy'),
(4410,	'Úštěk'),
(4411,	'Vědomice'),
(4412,	'Velemín'),
(4413,	'Velké Žernoseky'),
(4414,	'Vlastislav'),
(4415,	'Vrbice'),
(4416,	'Vrbičany'),
(4417,	'Vrutice'),
(4418,	'Záluží'),
(4419,	'Žalhostice'),
(4420,	'Židovice'),
(4421,	'Žitenice'),
(4422,	'Bitozeves'),
(4423,	'Blatno'),
(4424,	'Blažim'),
(4425,	'Blšany'),
(4426,	'Blšany u Loun'),
(4427,	'Břvany'),
(4428,	'Cítoliby'),
(4429,	'Čeradice'),
(4430,	'Černčice'),
(4431,	'Deštnice'),
(4432,	'Dobroměřice'),
(4433,	'Domoušice'),
(4434,	'Holedeč'),
(4435,	'Hříškov'),
(4436,	'Hřivice'),
(4437,	'Chlumčany'),
(4438,	'Chožov'),
(4439,	'Chraberce'),
(4440,	'Jimlín'),
(4441,	'Koštice'),
(4442,	'Kozly'),
(4443,	'Krásný Dvůr'),
(4444,	'Kryry'),
(4445,	'Lenešice'),
(4446,	'Libčeves'),
(4447,	'Liběšice'),
(4448,	'Libočany'),
(4449,	'Libořice'),
(4450,	'Lipno'),
(4451,	'Lišany'),
(4452,	'Líšťany'),
(4453,	'Louny'),
(4454,	'Lubenec'),
(4455,	'Měcholupy'),
(4456,	'Nepomyšl'),
(4457,	'Nové Sedlo'),
(4458,	'Obora'),
(4459,	'Očihov'),
(4460,	'Opočno'),
(4461,	'Panenský Týnec'),
(4462,	'Peruc'),
(4463,	'Petrohrad'),
(4464,	'Pnětluky'),
(4465,	'Počedělice'),
(4466,	'Podbořanský Rohozec'),
(4467,	'Podbořany'),
(4468,	'Postoloprty'),
(4469,	'Ročov'),
(4470,	'Slavětín'),
(4471,	'Smolnice'),
(4472,	'Staňkovice'),
(4473,	'Toužetín'),
(4474,	'Tuchořice'),
(4475,	'Úherce'),
(4476,	'Velemyšleves'),
(4477,	'Veltěže'),
(4478,	'Vinařice'),
(4479,	'Vroutek'),
(4480,	'Vršovice'),
(4481,	'Výškov'),
(4482,	'Zbrašín'),
(4483,	'Žatec'),
(4484,	'Žerotín'),
(4485,	'Žiželice'),
(4486,	'Bečov'),
(4487,	'Bělušice'),
(4488,	'Braňany'),
(4489,	'Brandov'),
(4490,	'Český Jiřetín'),
(4491,	'Havraň'),
(4492,	'Hora Svaté Kateřiny'),
(4493,	'Horní Jiřetín'),
(4494,	'Klíny'),
(4495,	'Lišnice'),
(4496,	'Litvínov'),
(4497,	'Lom'),
(4498,	'Louka u Litvínova'),
(4499,	'Lužice'),
(4500,	'Malé Březno'),
(4501,	'Mariánské Radčice'),
(4502,	'Meziboří'),
(4503,	'Most'),
(4504,	'Nová Ves v Horách'),
(4505,	'Obrnice'),
(4506,	'Patokryje'),
(4507,	'Polerady'),
(4508,	'Skršín'),
(4509,	'Želenice'),
(4510,	'Bílina'),
(4511,	'Bořislav'),
(4512,	'Bystřany'),
(4513,	'Bžany'),
(4514,	'Dubí'),
(4515,	'Duchcov'),
(4516,	'Háj u Duchcova'),
(4517,	'Hostomice'),
(4518,	'Hrob'),
(4519,	'Hrobčice'),
(4520,	'Jeníkov'),
(4521,	'Kladruby'),
(4522,	'Kostomlaty pod Milešovkou'),
(4523,	'Košťany'),
(4524,	'Krupka'),
(4525,	'Lahošť'),
(4526,	'Ledvice'),
(4527,	'Měrunice'),
(4528,	'Mikulov'),
(4529,	'Modlany'),
(4530,	'Moldava'),
(4531,	'Novosedlice'),
(4532,	'Ohníč'),
(4533,	'Osek'),
(4534,	'Proboštov'),
(4535,	'Rtyně nad Bílinou'),
(4536,	'Srbice'),
(4537,	'Světec'),
(4538,	'Teplice'),
(4539,	'Újezdeček'),
(4540,	'Zabrušany'),
(4541,	'Žalany'),
(4542,	'Žim'),
(4543,	'Dolní Zálezly'),
(4544,	'Habrovany'),
(4545,	'Homole u Panny'),
(4546,	'Chabařovice'),
(4547,	'Chlumec'),
(4548,	'Chuderov'),
(4549,	'Libouchec'),
(4550,	'Malé Březno'),
(4551,	'Malečov'),
(4552,	'Petrovice'),
(4553,	'Povrly'),
(4554,	'Přestanov'),
(4555,	'Ryjice'),
(4556,	'Řehlovice'),
(4557,	'Stebno'),
(4558,	'Tašov'),
(4559,	'Telnice'),
(4560,	'Tisá'),
(4561,	'Trmice'),
(4562,	'Ústí nad Labem'),
(4563,	'Velké Březno'),
(4564,	'Velké Chvojno'),
(4565,	'Zubrnice'),
(4566,	'Bačkov'),
(4567,	'Bartoušov'),
(4568,	'Bělá'),
(4569,	'Česká Bělá'),
(4570,	'Číhošť'),
(4571,	'Dlouhá Ves'),
(4572,	'Dolní Krupá'),
(4573,	'Dolní Město'),
(4574,	'Druhanov'),
(4575,	'Golčův Jeníkov'),
(4576,	'Habry'),
(4577,	'Havlíčkova Borová'),
(4578,	'Havlíčkův Brod'),
(4579,	'Herálec'),
(4580,	'Hněvkovice'),
(4581,	'Horní Krupá'),
(4582,	'Hradec'),
(4583,	'Chotěboř'),
(4584,	'Chřenovice'),
(4585,	'Kamenná Lhota'),
(4586,	'Knyk'),
(4587,	'Kojetín'),
(4588,	'Kouty'),
(4589,	'Kožlí'),
(4590,	'Krásná Hora'),
(4591,	'Krátká Ves'),
(4592,	'Krucemburk'),
(4593,	'Květinov'),
(4594,	'Kyjov'),
(4595,	'Kynice'),
(4596,	'Lány'),
(4597,	'Ledeč nad Sázavou'),
(4598,	'Leškovice'),
(4599,	'Leština u Světlé'),
(4600,	'Libice nad Doubravou'),
(4601,	'Lípa'),
(4602,	'Lipnice nad Sázavou'),
(4603,	'Lučice'),
(4604,	'Malčín'),
(4605,	'Maleč'),
(4606,	'Michalovice'),
(4607,	'Nová Ves u Světlé'),
(4608,	'Okrouhlice'),
(4609,	'Okrouhlička'),
(4610,	'Ostrov'),
(4611,	'Oudoleň'),
(4612,	'Ovesná Lhota'),
(4613,	'Pavlov'),
(4614,	'Pohleď'),
(4615,	'Prosíčka'),
(4616,	'Přibyslav'),
(4617,	'Rybníček'),
(4618,	'Sázavka'),
(4619,	'Skorkov'),
(4620,	'Skryje'),
(4621,	'Skuhrov'),
(4622,	'Slavětín'),
(4623,	'Slavíkov'),
(4624,	'Slavníč'),
(4625,	'Sobíňov'),
(4626,	'Světlá nad Sázavou'),
(4627,	'Šlapanov'),
(4628,	'Štoky'),
(4629,	'Tis'),
(4630,	'Uhelná Příbram'),
(4631,	'Úsobí'),
(4632,	'Vepříkov'),
(4633,	'Veselý Žďár'),
(4634,	'Věž'),
(4635,	'Věžnice'),
(4636,	'Vilémov'),
(4637,	'Vilémovice'),
(4638,	'Víska'),
(4639,	'Vlkanov'),
(4640,	'Vysoká'),
(4641,	'Zvěstovice'),
(4642,	'Ždírec'),
(4643,	'Ždírec nad Doubravou'),
(4644,	'Žižkovo Pole'),
(4645,	'Arnolec'),
(4646,	'Batelov'),
(4647,	'Bílý Kámen'),
(4648,	'Bítovčice'),
(4649,	'Bohuslavice'),
(4650,	'Boršov'),
(4651,	'Brtnice'),
(4652,	'Brtnička'),
(4653,	'Brzkov'),
(4654,	'Cejle'),
(4655,	'Černíč'),
(4656,	'Čížov'),
(4657,	'Dlouhá Brtnice'),
(4658,	'Dobronín'),
(4659,	'Dolní Cerekev'),
(4660,	'Doupě'),
(4661,	'Dudín'),
(4662,	'Dušejov'),
(4663,	'Dvorce'),
(4664,	'Dyjice'),
(4665,	'Hladov'),
(4666,	'Hodice'),
(4667,	'Hojkov'),
(4668,	'Horní Dubenky'),
(4669,	'Horní Myslová'),
(4670,	'Hostětice'),
(4671,	'Hybrálec'),
(4672,	'Jamné'),
(4673,	'Jersín'),
(4674,	'Jezdovice'),
(4675,	'Ježená'),
(4676,	'Jihlava'),
(4677,	'Jihlávka'),
(4678,	'Kaliště'),
(4679,	'Kamenice'),
(4680,	'Kněžice'),
(4681,	'Knínice'),
(4682,	'Kostelec'),
(4683,	'Kozlov'),
(4684,	'Krahulčí'),
(4685,	'Lhotka'),
(4686,	'Luka nad Jihlavou'),
(4687,	'Malý Beranov'),
(4688,	'Markvartice'),
(4689,	'Měšín'),
(4690,	'Mirošov'),
(4691,	'Mrákotín'),
(4692,	'Mysliboř'),
(4693,	'Nadějov'),
(4694,	'Nevcehle'),
(4695,	'Nová Říše'),
(4696,	'Otín'),
(4697,	'Panenská Rozsíčka'),
(4698,	'Pavlov'),
(4699,	'Plandry'),
(4700,	'Polná'),
(4701,	'Puklice'),
(4702,	'Rančířov'),
(4703,	'Rantířov'),
(4704,	'Rohozná'),
(4705,	'Růžená'),
(4706,	'Řásná'),
(4707,	'Smrčná'),
(4708,	'Stará Říše'),
(4709,	'Stonařov'),
(4710,	'Strachoňovice'),
(4711,	'Suchá'),
(4712,	'Šimanov'),
(4713,	'Telč'),
(4714,	'Třešť'),
(4715,	'Ústí'),
(4716,	'Vápovice'),
(4717,	'Velký Beranov'),
(4718,	'Větrný Jeníkov'),
(4719,	'Vílanec'),
(4720,	'Vyskytná nad Jihlavou'),
(4721,	'Vysoké Studnice'),
(4722,	'Vystrčenovice'),
(4723,	'Zbilidy'),
(4724,	'Zbinohy'),
(4725,	'Zhoř'),
(4726,	'Zvolenovice'),
(4727,	'Ždírec'),
(4728,	'Božejov'),
(4729,	'Bratřice'),
(4730,	'Budíkov'),
(4731,	'Bystrá'),
(4732,	'Cetoraz'),
(4733,	'Čáslavsko'),
(4734,	'Častrov'),
(4735,	'Čejov'),
(4736,	'Čelistná'),
(4737,	'Černov'),
(4738,	'Černovice'),
(4739,	'Červená Řečice'),
(4740,	'Čížkov'),
(4741,	'Dehtáře'),
(4742,	'Dobrá Voda u Pacova'),
(4743,	'Eš'),
(4744,	'Horní Cerekev'),
(4745,	'Horní Rápotice'),
(4746,	'Horní Ves'),
(4747,	'Hořepník'),
(4748,	'Humpolec'),
(4749,	'Chýstovice'),
(4750,	'Jiřice'),
(4751,	'Kaliště'),
(4752,	'Kámen'),
(4753,	'Kamenice nad Lipou'),
(4754,	'Kejžlice'),
(4755,	'Kojčice'),
(4756,	'Komorovice'),
(4757,	'Košetice'),
(4758,	'Křeč'),
(4759,	'Křelovice'),
(4760,	'Křešín'),
(4761,	'Lhota-Vlasenice'),
(4762,	'Libkova Voda'),
(4763,	'Litohošť'),
(4764,	'Lukavec'),
(4765,	'Mezná'),
(4766,	'Mladé Bříště'),
(4767,	'Mnich'),
(4768,	'Nová Cerekev'),
(4769,	'Nový Rychnov'),
(4770,	'Obrataň'),
(4771,	'Olešná'),
(4772,	'Ondřejov'),
(4773,	'Pacov'),
(4774,	'Pelhřimov'),
(4775,	'Počátky'),
(4776,	'Polesí'),
(4777,	'Pošná'),
(4778,	'Putimov'),
(4779,	'Rynárec'),
(4780,	'Řečice'),
(4781,	'Senožaty'),
(4782,	'Těchobuz'),
(4783,	'Těmice'),
(4784,	'Ústrašín'),
(4785,	'Útěchovice pod Stražištěm'),
(4786,	'Včelnička'),
(4787,	'Velká Chyška'),
(4788,	'Vyklantice'),
(4789,	'Vyskytná'),
(4790,	'Vystrkov'),
(4791,	'Zachotín'),
(4792,	'Zajíčkov'),
(4793,	'Zhořec'),
(4794,	'Želiv'),
(4795,	'Žirovnice'),
(4796,	'Babice'),
(4797,	'Bačice'),
(4798,	'Biskupice-Pulkov'),
(4799,	'Blatnice'),
(4800,	'Březník'),
(4801,	'Budišov'),
(4802,	'Budkov'),
(4803,	'Cidlina'),
(4804,	'Čáslavice'),
(4805,	'Čechočovice'),
(4806,	'Číchov'),
(4807,	'Dalešice'),
(4808,	'Dešov'),
(4809,	'Dolní Vilémovice'),
(4810,	'Dukovany'),
(4811,	'Hartvíkovice'),
(4812,	'Heraltice'),
(4813,	'Hodov'),
(4814,	'Horní Heřmanice'),
(4815,	'Horní Újezd'),
(4816,	'Horní Vilémovice'),
(4817,	'Hrotovice'),
(4818,	'Chlístov'),
(4819,	'Chlum'),
(4820,	'Chotěbudice'),
(4821,	'Jakubov u Moravských Budějovic'),
(4822,	'Jaroměřice nad Rokytnou'),
(4823,	'Jemnice'),
(4824,	'Jinošov'),
(4825,	'Kamenná'),
(4826,	'Kdousov'),
(4827,	'Kladeruby nad Oslavou'),
(4828,	'Klučov'),
(4829,	'Kojetice'),
(4830,	'Koněšín'),
(4831,	'Kostníky'),
(4832,	'Kouty'),
(4833,	'Kozlany'),
(4834,	'Kralice nad Oslavou'),
(4835,	'Krokočín'),
(4836,	'Láz'),
(4837,	'Lesná'),
(4838,	'Lesonice'),
(4839,	'Lipník'),
(4840,	'Litohoř'),
(4841,	'Loukovice'),
(4842,	'Lukov'),
(4843,	'Markvartice'),
(4844,	'Mastník'),
(4845,	'Menhartice'),
(4846,	'Meziříčko'),
(4847,	'Mikulovice'),
(4848,	'Mladoňovice'),
(4849,	'Mohelno'),
(4850,	'Moravské Budějovice'),
(4851,	'Myslibořice'),
(4852,	'Náměšť nad Oslavou'),
(4853,	'Nové Syrovice'),
(4854,	'Odunec'),
(4855,	'Okříšky'),
(4856,	'Opatov'),
(4857,	'Oponešice'),
(4858,	'Petrovice'),
(4859,	'Police'),
(4860,	'Předín'),
(4861,	'Přešovice'),
(4862,	'Přibyslavice'),
(4863,	'Příštpo'),
(4864,	'Pucov'),
(4865,	'Radkovice u Budče'),
(4866,	'Radotice'),
(4867,	'Rapotice'),
(4868,	'Rouchovany'),
(4869,	'Rudíkov'),
(4870,	'Slavětice'),
(4871,	'Slavíkovice'),
(4872,	'Smrk'),
(4873,	'Stařeč'),
(4874,	'Stropešín'),
(4875,	'Střítež'),
(4876,	'Studenec'),
(4877,	'Sudice'),
(4878,	'Svatoslav'),
(4879,	'Štěměchy'),
(4880,	'Trnava'),
(4881,	'Třebelovice'),
(4882,	'Třebíč'),
(4883,	'Valeč'),
(4884,	'Vícenice u Náměště nad Oslavou'),
(4885,	'Vladislav'),
(4886,	'Výčapy'),
(4887,	'Zárubice'),
(4888,	'Želetava'),
(4889,	'Blízkov'),
(4890,	'Bobrová'),
(4891,	'Bohdalec'),
(4892,	'Bohdalov'),
(4893,	'Bory'),
(4894,	'Březejc'),
(4895,	'Březí'),
(4896,	'Březské'),
(4897,	'Bystřice nad Pernštejnem'),
(4898,	'Býšovec'),
(4899,	'Cikháj'),
(4900,	'Černá'),
(4901,	'Dalečín'),
(4902,	'Dobrá Voda'),
(4903,	'Dolní Heřmanice'),
(4904,	'Dolní Rožínka'),
(4905,	'Fryšava pod Žákovou horou'),
(4906,	'Hamry nad Sázavou'),
(4907,	'Herálec'),
(4908,	'Heřmanov'),
(4909,	'Chlumek'),
(4910,	'Chlumětín'),
(4911,	'Jabloňov'),
(4912,	'Jámy'),
(4913,	'Jimramov'),
(4914,	'Jívoví'),
(4915,	'Karlov'),
(4916,	'Koroužné'),
(4917,	'Kozlov'),
(4918,	'Krásné'),
(4919,	'Krásněves'),
(4920,	'Křídla'),
(4921,	'Křižánky'),
(4922,	'Křižanov'),
(4923,	'Křoví'),
(4924,	'Kundratice'),
(4925,	'Lavičky'),
(4926,	'Líšná'),
(4927,	'Martinice'),
(4928,	'Měřín'),
(4929,	'Moravec'),
(4930,	'Netín'),
(4931,	'Nížkov'),
(4932,	'Nová Ves'),
(4933,	'Nová Ves u Nového Města na Morav'),
(4934,	'Nové Město na Moravě'),
(4935,	'Nové Veselí'),
(4936,	'Nový Jimramov'),
(4937,	'Nyklovice'),
(4938,	'Ořechov'),
(4939,	'Oslavice'),
(4940,	'Osová Bítýška'),
(4941,	'Ostrov nad Oslavou'),
(4942,	'Otín'),
(4943,	'Pavlínov'),
(4944,	'Petráveč'),
(4945,	'Písečné'),
(4946,	'Poděšín'),
(4947,	'Podolí'),
(4948,	'Polnička'),
(4949,	'Prosetín'),
(4950,	'Radešín'),
(4951,	'Radešínská Svratka'),
(4952,	'Radkov'),
(4953,	'Radňoves'),
(4954,	'Radostín'),
(4955,	'Radostín nad Oslavou'),
(4956,	'Rosička'),
(4957,	'Rousměrov'),
(4958,	'Rovečné'),
(4959,	'Rozsochy'),
(4960,	'Rožná'),
(4961,	'Ruda'),
(4962,	'Rudolec'),
(4963,	'Řečice'),
(4964,	'Sázava'),
(4965,	'Sazomín'),
(4966,	'Sklené nad Oslavou'),
(4967,	'Skorotice'),
(4968,	'Sněžné'),
(4969,	'Stránecká Zhoř'),
(4970,	'Strážek'),
(4971,	'Světnov'),
(4972,	'Svratka'),
(4973,	'Škrdlovice'),
(4974,	'Štěpánov nad Svratkou'),
(4975,	'Tasov'),
(4976,	'Tři Studně'),
(4977,	'Uhřínov'),
(4978,	'Ujčov'),
(4979,	'Věcov'),
(4980,	'Velká Bíteš'),
(4981,	'Velká Losenice'),
(4982,	'Velké Meziříčí'),
(4983,	'Věžná'),
(4984,	'Vídeň'),
(4985,	'Vír'),
(4986,	'Vlachovice'),
(4987,	'Vlkov'),
(4988,	'Vojnův Městec'),
(4989,	'Vysoké'),
(4990,	'Zubří'),
(4991,	'Zvole'),
(4992,	'Žďár nad Sázavou'),
(4993,	'Bařice-Velké Těšany'),
(4994,	'Bezměrov'),
(4995,	'Brusné'),
(4996,	'Břest'),
(4997,	'Bystřice pod Hostýnem'),
(4998,	'Holešov'),
(4999,	'Honětice'),
(5000,	'Horní Lapač'),
(5001,	'Hoštice'),
(5002,	'Hulín'),
(5003,	'Chomýž'),
(5004,	'Chropyně'),
(5005,	'Chvalčov'),
(5006,	'Chvalnov-Lísky'),
(5007,	'Jankovice'),
(5008,	'Jarohněvice'),
(5009,	'Karolín'),
(5010,	'Komárno'),
(5011,	'Koryčany'),
(5012,	'Kostelany'),
(5013,	'Kroměříž'),
(5014,	'Kurovice'),
(5015,	'Kvasice'),
(5016,	'Kyselovice'),
(5017,	'Lechotice'),
(5018,	'Litenčice'),
(5019,	'Loukov'),
(5020,	'Lubná'),
(5021,	'Ludslavice'),
(5022,	'Lutopecny'),
(5023,	'Martinice'),
(5024,	'Míškovice'),
(5025,	'Morkovice-Slížany'),
(5026,	'Mrlínek'),
(5027,	'Nítkovice'),
(5028,	'Nová Dědina'),
(5029,	'Osíčko'),
(5030,	'Pacetluky'),
(5031,	'Pačlavice'),
(5032,	'Počenice-Tetětice'),
(5033,	'Podhradní Lhota'),
(5034,	'Prasklice'),
(5035,	'Pravčice'),
(5036,	'Prusinovice'),
(5037,	'Přílepy'),
(5038,	'Rajnochovice'),
(5039,	'Rataje'),
(5040,	'Roštění'),
(5041,	'Roštín'),
(5042,	'Rusava'),
(5043,	'Rymice'),
(5044,	'Skaštice'),
(5045,	'Slavkov pod Hostýnem'),
(5046,	'Soběsuky'),
(5047,	'Střílky'),
(5048,	'Střížovice'),
(5049,	'Sulimov'),
(5050,	'Šelešovice'),
(5051,	'Troubky-Zdislavice'),
(5052,	'Třebětice'),
(5053,	'Uhřice'),
(5054,	'Věžky'),
(5055,	'Vítonice'),
(5056,	'Vrbka'),
(5057,	'Zahnašovice'),
(5058,	'Záříčí'),
(5059,	'Zástřizly'),
(5060,	'Zborovice'),
(5061,	'Zdounky'),
(5062,	'Zlobice'),
(5063,	'Žeranovice'),
(5064,	'Babice'),
(5065,	'Bánov'),
(5066,	'Bílovice'),
(5067,	'Bojkovice'),
(5068,	'Boršice'),
(5069,	'Boršice u Blatnice'),
(5070,	'Břestek'),
(5071,	'Březolupy'),
(5072,	'Březová'),
(5073,	'Buchlovice'),
(5074,	'Bystřice pod Lopeníkem'),
(5075,	'Částkov'),
(5076,	'Dolní Němčí'),
(5077,	'Drslavice'),
(5078,	'Hluk'),
(5079,	'Horní Němčí'),
(5080,	'Hostějov'),
(5081,	'Hostětín'),
(5082,	'Hradčovice'),
(5083,	'Huštěnovice'),
(5084,	'Jalubí'),
(5085,	'Jankovice'),
(5086,	'Kněžpole'),
(5087,	'Komňa'),
(5088,	'Korytná'),
(5089,	'Kostelany nad Moravou'),
(5090,	'Košíky'),
(5091,	'Kudlovice'),
(5092,	'Kunovice'),
(5093,	'Lopeník'),
(5094,	'Mistřice'),
(5095,	'Modrá'),
(5096,	'Nedachlebice'),
(5097,	'Nedakonice'),
(5098,	'Nezdenice'),
(5099,	'Nivnice'),
(5100,	'Ořechov'),
(5101,	'Ostrožská Lhota'),
(5102,	'Ostrožská Nová Ves'),
(5103,	'Osvětimany'),
(5104,	'Pitín'),
(5105,	'Podolí'),
(5106,	'Polešovice'),
(5107,	'Popovice'),
(5108,	'Prakšice'),
(5109,	'Rudice'),
(5110,	'Salaš'),
(5111,	'Slavkov'),
(5112,	'Staré Město'),
(5113,	'Starý Hrozenkov'),
(5114,	'Strání'),
(5115,	'Stříbrnice'),
(5116,	'Stupava'),
(5117,	'Suchá Loz'),
(5118,	'Sušice'),
(5119,	'Svárov'),
(5120,	'Šumice'),
(5121,	'Topolná'),
(5122,	'Traplice'),
(5123,	'Tupesy'),
(5124,	'Uherské Hradiště'),
(5125,	'Uherský Brod'),
(5126,	'Uherský Ostroh'),
(5127,	'Újezdec'),
(5128,	'Vápenice'),
(5129,	'Vážany'),
(5130,	'Velehrad'),
(5131,	'Veletiny'),
(5132,	'Vlčnov'),
(5133,	'Vyškovec'),
(5134,	'Záhorovice'),
(5135,	'Zlámanec'),
(5136,	'Zlechov'),
(5137,	'Žítková'),
(5138,	'Branky'),
(5139,	'Bystřička'),
(5140,	'Dolní Bečva'),
(5141,	'Francova Lhota'),
(5142,	'Halenkov'),
(5143,	'Horní Bečva'),
(5144,	'Horní Lideč'),
(5145,	'Hošťálková'),
(5146,	'Hovězí'),
(5147,	'Huslenky'),
(5148,	'Hutisko-Solanec'),
(5149,	'Choryně'),
(5150,	'Jablůnka'),
(5151,	'Janová'),
(5152,	'Jarcová'),
(5153,	'Karolinka'),
(5154,	'Kateřinice'),
(5155,	'Kelč'),
(5156,	'Krhová'),
(5157,	'Kunovice'),
(5158,	'Lačnov'),
(5159,	'Leskovec'),
(5160,	'Lešná'),
(5161,	'Lhota u Vsetína'),
(5162,	'Lidečko'),
(5163,	'Liptál'),
(5164,	'Loučka'),
(5165,	'Lužná'),
(5166,	'Malá Bystřice'),
(5167,	'Mikulůvka'),
(5168,	'Nový Hrozenkov'),
(5169,	'Podolí'),
(5170,	'Police'),
(5171,	'Poličná'),
(5172,	'Pozděchov'),
(5173,	'Prostřední Bečva'),
(5174,	'Pržno'),
(5175,	'Ratiboř'),
(5176,	'Rožnov pod Radhoštěm'),
(5177,	'Růžďka'),
(5178,	'Střelná'),
(5179,	'Střítež nad Bečvou'),
(5180,	'Študlov'),
(5181,	'Ústí'),
(5182,	'Valašská Bystřice'),
(5183,	'Valašská Polanka'),
(5184,	'Valašská Senice'),
(5185,	'Valašské Meziříčí'),
(5186,	'Valašské Příkazy'),
(5187,	'Velká Lhota'),
(5188,	'Velké Karlovice'),
(5189,	'Vidče'),
(5190,	'Vigantice'),
(5191,	'Vsetín'),
(5192,	'Zašová'),
(5193,	'Zděchov'),
(5194,	'Zubří'),
(5195,	'Bělov'),
(5196,	'Biskupice'),
(5197,	'Bohuslavice nad Vláří'),
(5198,	'Bohuslavice u Zlína'),
(5199,	'Bratřejov'),
(5200,	'Brumov-Bylnice'),
(5201,	'Březnice'),
(5202,	'Březová'),
(5203,	'Březůvky'),
(5204,	'Dešná'),
(5205,	'Dobrkovice'),
(5206,	'Dolní Lhota'),
(5207,	'Doubravy'),
(5208,	'Drnovice'),
(5209,	'Držková'),
(5210,	'Fryšták'),
(5211,	'Halenkovice'),
(5212,	'Horní Lhota'),
(5213,	'Hostišová'),
(5214,	'Hrobice'),
(5215,	'Hřivínův Újezd'),
(5216,	'Hvozdná'),
(5217,	'Jasenná'),
(5218,	'Kaňovice'),
(5219,	'Karlovice'),
(5220,	'Kašava'),
(5221,	'Kelníky'),
(5222,	'Komárov'),
(5223,	'Křekov'),
(5224,	'Lhota'),
(5225,	'Lhotsko'),
(5226,	'Lípa'),
(5227,	'Lipová'),
(5228,	'Loučka'),
(5229,	'Ludkovice'),
(5230,	'Luhačovice'),
(5231,	'Lukov'),
(5232,	'Machová'),
(5233,	'Mysločovice'),
(5234,	'Napajedla'),
(5235,	'Návojná'),
(5236,	'Nedašov'),
(5237,	'Nedašova Lhota'),
(5238,	'Neubuz'),
(5239,	'Oldřichovice'),
(5240,	'Ostrata'),
(5241,	'Otrokovice'),
(5242,	'Podkopná Lhota'),
(5243,	'Pohořelice'),
(5244,	'Poteč'),
(5245,	'Pozlovice'),
(5246,	'Provodov'),
(5247,	'Racková'),
(5248,	'Rokytnice'),
(5249,	'Rudimov'),
(5250,	'Sazovice'),
(5251,	'Sehradice'),
(5252,	'Slavičín'),
(5253,	'Slopné'),
(5254,	'Slušovice'),
(5255,	'Spytihněv'),
(5256,	'Šanov'),
(5257,	'Šarovy'),
(5258,	'Štítná nad Vláří-Popov'),
(5259,	'Tečovice'),
(5260,	'Tichov'),
(5261,	'Tlumačov'),
(5262,	'Trnava'),
(5263,	'Ublo'),
(5264,	'Újezd'),
(5265,	'Valašské Klobouky'),
(5266,	'Veselá'),
(5267,	'Vizovice'),
(5268,	'Vlachovice'),
(5269,	'Vlčková'),
(5270,	'Všemina'),
(5271,	'Vysoké Pole'),
(5272,	'Zádveřice-Raková'),
(5273,	'Zlín'),
(5274,	'Želechovice nad Dřevnicí'),
(5275,	'Žlutava');

DROP TABLE IF EXISTS `backoffice_core_companies`;
CREATE TABLE `backoffice_core_companies` (
  `id` int(11) NOT NULL AUTO_INCREMENT,
  `title` varchar(255) DEFAULT NULL,
  `ico` varchar(255) DEFAULT NULL,
  `dic` varchar(255) DEFAULT NULL,
  `street` varchar(255) DEFAULT NULL,
  `orientation_number` varchar(255) DEFAULT NULL,
  `house_number` varchar(255) DEFAULT NULL,
  `city` varchar(255) DEFAULT NULL,
  `postal_code` varchar(255) DEFAULT NULL,
  `phone` varchar(255) DEFAULT NULL,
  `cell_phone` varchar(255) DEFAULT NULL,
  `fax` varchar(255) DEFAULT NULL,
  `email` varchar(255) DEFAULT NULL,
  `www` varchar(255) DEFAULT NULL,
  `icq` varchar(255) DEFAULT NULL,
  `skype` varchar(255) DEFAULT NULL,
  `description` text,
  `company_type_id` int(11) DEFAULT NULL,
  `country_id` int(11) DEFAULT NULL,
  `fb` varchar(255) DEFAULT NULL,
  `parent_company_id` int(11) DEFAULT NULL,
  PRIMARY KEY (`id`),
  KEY `fk_company_types_company` (`company_type_id`),
  KEY `fk_companies_country_id` (`country_id`),
  KEY `parent_company_id` (`parent_company_id`),
  CONSTRAINT `fk_companies_country_id` FOREIGN KEY (`country_id`) REFERENCES `backoffice_core_countries` (`id`) ON DELETE SET NULL ON UPDATE CASCADE,
  CONSTRAINT `fk_company_types_company` FOREIGN KEY (`company_type_id`) REFERENCES `backoffice_core_company_types` (`id`) ON DELETE CASCADE ON UPDATE CASCADE
) ENGINE=InnoDB DEFAULT CHARSET=utf8;

INSERT INTO `backoffice_core_companies` (`id`, `title`, `ico`, `dic`, `street`, `orientation_number`, `house_number`, `city`, `postal_code`, `phone`, `cell_phone`, `fax`, `email`, `www`, `icq`, `skype`, `description`, `company_type_id`, `country_id`, `fb`, `parent_company_id`) VALUES
(4,	'První realitní a. s.',	'76213590',	'CZ76213590',	'Náměstí Svobody',	'10',	'1',	'Brno',	'60200',	'773 639 239',	'608 876 770',	'545 365 902',	'adam.vasicek@mail.com',	'www.75l.cz',	'205-190-915',	'addam29',	'Společnost Reality 21 se zabývá zprostředkováním prodeje a pronájmu nemovitostí zejména v Praze a Středních Čechách.\r\n\r\nReality 21 sídlí na Praze 1, ul. Na Poříčí 17.\r\n\r\nProškolení makléři a asistentky v jednotlivých odděleních Vám vždy profesionálně poradí jak prodat či koupit byt, prodat nebo koupit pozemek, prodat či pronajmout rodinný dùm, pronajmout obchod, kancelář, sklad nebo restauraci.',	1,	1,	'nemáme',	NULL),
(10,	'c1',	'76192435',	'CZ76192435',	'Radlická',	'3294',	'10',	'Praha 5',	'150 00',	'+420 234 694 111 ',	'',	'+420 234 694 115 ',	'info@c1.cz',	'www.c1.cz',	'',	'',	'Provozovatel české portálové jedničky, nabízející užitečné, jednoduché a bezplatné služby pro uživatele (např. e-mail, zpravodajské servery, vyhledávání či oborové servery s nabídkou realit, aut, zaměstnání, apod.). K dalším službám patří také on-line inzertní prostor v podobě PPC, display i video reklamy.',	1,	1,	'',	NULL),
(11,	'c1a',	'76192435',	'CZ76192435',	'Radlická',	'3294',	'10',	'Praha 5',	'150 00',	'',	'',	'',	'',	'www.c1.cz',	'',	'',	'',	NULL,	2,	'',	10),
(12,	'c1b',	'76192435',	'CZ76192435',	'Radlická',	'3294',	'10',	NULL,	NULL,	NULL,	NULL,	NULL,	NULL,	'www.c1.cz',	NULL,	NULL,	NULL,	NULL,	NULL,	NULL,	10),
(13,	'c1ba',	'76192435',	'CZ76192435',	'Radlická',	'3294',	'10',	'',	'',	'',	'',	'',	'',	'www.c1.cz',	'',	'',	'',	NULL,	1,	'',	12),
(14,	'c1bb',	'76192435',	'CZ76192435',	'Radnická',	'3294',	'10',	'',	'',	'',	'',	'',	'',	'www.c1.cz',	'',	'',	'',	NULL,	1,	'',	12),
(15,	'c1baa',	'76192435',	'CZ76192435',	'',	'',	'',	'Jeníkov',	'',	'',	'',	'',	'',	'www.c1.cz',	'',	'',	'',	NULL,	1,	'',	13),
(16,	'c1bab',	'76192435',	'CZ76192435',	NULL,	NULL,	NULL,	NULL,	NULL,	NULL,	NULL,	NULL,	NULL,	'www.c1.cz',	NULL,	NULL,	NULL,	NULL,	NULL,	NULL,	13),
(17,	'c1baaa',	'76192435',	'CZ76192435',	NULL,	NULL,	NULL,	'Jeníkov',	NULL,	NULL,	NULL,	NULL,	NULL,	'www.c1.cz',	NULL,	NULL,	NULL,	NULL,	NULL,	NULL,	15),
(18,	'c1baba',	'76192435',	'CZ76192435',	NULL,	NULL,	NULL,	NULL,	NULL,	NULL,	NULL,	NULL,	NULL,	'www.c1.cz',	NULL,	NULL,	NULL,	NULL,	NULL,	NULL,	16),
(19,	'c1bba',	'76192435',	'CZ76192435',	'',	'',	'',	'',	'',	'',	'',	'',	'',	'www.c1.cz',	'',	'',	'',	NULL,	1,	'',	14),
(20,	'c1aa',	'76192435',	'CZ76192435',	NULL,	NULL,	NULL,	NULL,	NULL,	NULL,	NULL,	NULL,	NULL,	'www.c1.cz',	NULL,	NULL,	NULL,	NULL,	NULL,	NULL,	11),
(184,	'Pardubice',	NULL,	NULL,	NULL,	NULL,	NULL,	NULL,	NULL,	NULL,	NULL,	NULL,	NULL,	NULL,	NULL,	NULL,	NULL,	NULL,	NULL,	NULL,	4),
(200,	NULL,	NULL,	NULL,	NULL,	NULL,	NULL,	NULL,	NULL,	NULL,	NULL,	NULL,	NULL,	NULL,	NULL,	NULL,	NULL,	NULL,	NULL,	NULL,	182),
(201,	NULL,	NULL,	NULL,	NULL,	NULL,	NULL,	NULL,	NULL,	NULL,	NULL,	NULL,	NULL,	NULL,	NULL,	NULL,	NULL,	NULL,	NULL,	NULL,	182),
(202,	'Brno',	NULL,	NULL,	NULL,	NULL,	NULL,	NULL,	NULL,	NULL,	NULL,	NULL,	NULL,	NULL,	NULL,	NULL,	NULL,	NULL,	NULL,	NULL,	4),
(203,	'Olomouc',	NULL,	NULL,	NULL,	NULL,	NULL,	NULL,	NULL,	NULL,	NULL,	NULL,	NULL,	NULL,	NULL,	NULL,	NULL,	NULL,	NULL,	NULL,	4),
(204,	'Třída míru 1',	NULL,	NULL,	NULL,	NULL,	NULL,	NULL,	NULL,	NULL,	NULL,	NULL,	NULL,	NULL,	NULL,	NULL,	NULL,	NULL,	NULL,	NULL,	184),
(205,	'Náměstí Svobody 1',	NULL,	NULL,	NULL,	NULL,	NULL,	NULL,	NULL,	NULL,	NULL,	NULL,	NULL,	NULL,	NULL,	NULL,	NULL,	NULL,	NULL,	NULL,	202),
(206,	'Horní náměstí 1',	NULL,	NULL,	NULL,	NULL,	NULL,	NULL,	NULL,	NULL,	NULL,	NULL,	NULL,	NULL,	NULL,	NULL,	NULL,	NULL,	NULL,	NULL,	203),
(207,	'Antarktida',	NULL,	NULL,	NULL,	NULL,	NULL,	NULL,	NULL,	NULL,	NULL,	NULL,	NULL,	NULL,	NULL,	NULL,	NULL,	NULL,	NULL,	NULL,	10);

DROP TABLE IF EXISTS `backoffice_core_companies_groups`;
CREATE TABLE `backoffice_core_companies_groups` (
  `id` int(11) NOT NULL AUTO_INCREMENT,
  `group_id` int(11) DEFAULT NULL,
  `company_id` int(11) DEFAULT NULL,
  `created_at` datetime NOT NULL,
  `updated_at` datetime NOT NULL,
  PRIMARY KEY (`id`),
  UNIQUE KEY `company_in_group` (`group_id`,`company_id`),
  KEY `fk_companies_groups_company` (`company_id`),
  CONSTRAINT `fk_companies_groups` FOREIGN KEY (`group_id`) REFERENCES `backoffice_core_groups` (`id`) ON DELETE CASCADE ON UPDATE CASCADE,
  CONSTRAINT `fk_companies_groups_company` FOREIGN KEY (`company_id`) REFERENCES `backoffice_core_companies` (`id`) ON DELETE CASCADE ON UPDATE CASCADE
) ENGINE=InnoDB DEFAULT CHARSET=utf8;


DROP TABLE IF EXISTS `backoffice_core_company_detail_types`;
CREATE TABLE `backoffice_core_company_detail_types` (
  `id` int(11) NOT NULL AUTO_INCREMENT,
  `title` varchar(255) DEFAULT NULL,
  `company_id` int(11) DEFAULT NULL,
  PRIMARY KEY (`id`),
  UNIQUE KEY `company_detail_type_unique` (`title`,`company_id`),
  KEY `fk_company_detail_type_company` (`company_id`),
  CONSTRAINT `fk_company_detail_type_company` FOREIGN KEY (`company_id`) REFERENCES `backoffice_core_companies` (`id`) ON DELETE CASCADE ON UPDATE CASCADE
) ENGINE=InnoDB DEFAULT CHARSET=utf8;

INSERT INTO `backoffice_core_company_detail_types` (`id`, `title`, `company_id`) VALUES
(152,	'bavorák',	10),
(153,	'bavorák',	11),
(155,	'bavorák',	12),
(156,	'bavorák',	13),
(161,	'bavorák',	14),
(157,	'bavorák',	15),
(159,	'bavorák',	16),
(158,	'bavorák',	17),
(160,	'bavorák',	18),
(162,	'bavorák',	19),
(154,	'bavorák',	20),
(119,	'dětská školka',	10),
(120,	'dětská školka',	11),
(122,	'dětská školka',	12),
(123,	'dětská školka',	13),
(128,	'dětská školka',	14),
(124,	'dětská školka',	15),
(126,	'dětská školka',	16),
(125,	'dětská školka',	17),
(127,	'dětská školka',	18),
(129,	'dětská školka',	19),
(121,	'dětská školka',	20),
(14,	'mercedes',	10),
(88,	'mercedes',	11),
(90,	'mercedes',	12),
(91,	'mercedes',	13),
(96,	'mercedes',	14),
(92,	'mercedes',	15),
(94,	'mercedes',	16),
(93,	'mercedes',	17),
(95,	'mercedes',	18),
(97,	'mercedes',	19),
(89,	'mercedes',	20),
(163,	'parkoviště',	10),
(199,	'parkoviště',	11),
(201,	'parkoviště',	12),
(202,	'parkoviště',	13),
(207,	'parkoviště',	14),
(203,	'parkoviště',	15),
(205,	'parkoviště',	16),
(204,	'parkoviště',	17),
(206,	'parkoviště',	18),
(208,	'parkoviště',	19),
(200,	'parkoviště',	20),
(188,	'plat asistentky',	10),
(189,	'plat asistentky',	11),
(191,	'plat asistentky',	12),
(192,	'plat asistentky',	13),
(197,	'plat asistentky',	14),
(193,	'plat asistentky',	15),
(195,	'plat asistentky',	16),
(194,	'plat asistentky',	17),
(196,	'plat asistentky',	18),
(198,	'plat asistentky',	19),
(190,	'plat asistentky',	20),
(177,	'plat manažera',	10),
(178,	'plat manažera',	11),
(180,	'plat manažera',	12),
(181,	'plat manažera',	13),
(186,	'plat manažera',	14),
(182,	'plat manažera',	15),
(184,	'plat manažera',	16),
(183,	'plat manažera',	17),
(185,	'plat manažera',	18),
(187,	'plat manažera',	19),
(179,	'plat manažera',	20),
(175,	'počet asistentek',	10),
(11,	'počet aut',	4),
(12,	'počet traktorů',	4),
(87,	'prvenství na trhu',	10),
(98,	'prvenství na trhu',	11),
(100,	'prvenství na trhu',	12),
(101,	'prvenství na trhu',	13),
(106,	'prvenství na trhu',	14),
(102,	'prvenství na trhu',	15),
(104,	'prvenství na trhu',	16),
(103,	'prvenství na trhu',	17),
(105,	'prvenství na trhu',	18),
(107,	'prvenství na trhu',	19),
(99,	'prvenství na trhu',	20),
(164,	'sáňky',	10),
(165,	'sáňky',	11),
(167,	'sáňky',	12),
(168,	'sáňky',	13),
(173,	'sáňky',	14),
(169,	'sáňky',	15),
(171,	'sáňky',	16),
(170,	'sáňky',	17),
(172,	'sáňky',	18),
(174,	'sáňky',	19),
(166,	'sáňky',	20),
(176,	'šikmá střecha',	10),
(56,	'traktor',	10),
(77,	'traktor',	11),
(79,	'traktor',	12),
(80,	'traktor',	13),
(85,	'traktor',	14),
(81,	'traktor',	15),
(83,	'traktor',	16),
(82,	'traktor',	17),
(84,	'traktor',	18),
(86,	'traktor',	19),
(78,	'traktor',	20),
(10,	'typ společnosti',	4),
(8,	'zakladatel',	4),
(9,	'základní kapitál',	4),
(7,	'založeno',	4),
(15,	'založeno',	10),
(16,	'založeno',	11),
(18,	'založeno',	12),
(19,	'založeno',	13),
(24,	'založeno',	14),
(20,	'založeno',	15),
(22,	'založeno',	16),
(21,	'založeno',	17),
(23,	'založeno',	18),
(25,	'založeno',	19),
(17,	'založeno',	20);

DROP TABLE IF EXISTS `backoffice_core_company_details`;
CREATE TABLE `backoffice_core_company_details` (
  `id` int(11) NOT NULL AUTO_INCREMENT,
  `company_id` int(11) DEFAULT NULL,
  `company_detail_type_id` int(11) DEFAULT NULL,
  `detail_value` varchar(255) DEFAULT NULL,
  PRIMARY KEY (`id`),
  UNIQUE KEY `company_id_company_detail_type_id` (`company_id`,`company_detail_type_id`),
  KEY `company_detail_type_id` (`company_detail_type_id`),
  CONSTRAINT `backoffice_core_company_details_ibfk_1` FOREIGN KEY (`company_detail_type_id`) REFERENCES `backoffice_core_company_detail_types` (`id`) ON DELETE CASCADE ON UPDATE CASCADE,
  CONSTRAINT `fk_company_details` FOREIGN KEY (`company_id`) REFERENCES `backoffice_core_companies` (`id`) ON DELETE CASCADE ON UPDATE CASCADE
) ENGINE=InnoDB DEFAULT CHARSET=utf8;

INSERT INTO `backoffice_core_company_details` (`id`, `company_id`, `company_detail_type_id`, `detail_value`) VALUES
(2,	4,	8,	'František Novák'),
(4,	4,	7,	'1995'),
(5,	4,	9,	'200.000 Kč'),
(6,	4,	10,	'akciová společnost a.s.'),
(7,	4,	11,	'12'),
(8,	4,	12,	'14'),
(10,	10,	14,	'E280'),
(11,	10,	15,	'1939'),
(12,	11,	16,	'1939'),
(13,	20,	17,	'1939'),
(14,	12,	18,	'1939'),
(15,	13,	19,	'1939'),
(16,	15,	20,	'1939'),
(17,	17,	21,	'1939'),
(18,	16,	22,	'1939'),
(19,	18,	23,	'1939'),
(20,	14,	24,	'1939'),
(21,	19,	25,	'1939'),
(22,	10,	56,	'zetor'),
(82,	10,	87,	'ano'),
(83,	11,	88,	'E280'),
(84,	20,	89,	'E280'),
(85,	12,	90,	'E280'),
(86,	13,	91,	'E280'),
(87,	15,	92,	'E280'),
(88,	17,	93,	'E280'),
(89,	16,	94,	'E280'),
(90,	18,	95,	'E280'),
(91,	14,	96,	'E280'),
(92,	19,	97,	'E280'),
(93,	11,	98,	'ano'),
(94,	20,	99,	'ano'),
(95,	12,	100,	'ano'),
(96,	13,	101,	'ano'),
(97,	15,	102,	'ano'),
(98,	17,	103,	'ano'),
(99,	16,	104,	'ano'),
(100,	18,	105,	'ano'),
(101,	14,	106,	'ano'),
(102,	19,	107,	'ano'),
(103,	11,	77,	'zetor'),
(104,	20,	78,	'zetor'),
(105,	12,	79,	'zetor'),
(106,	13,	80,	'zetor'),
(107,	15,	81,	'zetor'),
(108,	17,	82,	'zetor'),
(109,	16,	83,	'zetor'),
(110,	18,	84,	'zetor'),
(111,	14,	85,	'zetor'),
(112,	19,	86,	'zetor'),
(146,	10,	119,	'pouze 4 dnyv týdnu'),
(147,	11,	120,	'pouze 4 dnyv týdnu'),
(148,	20,	121,	'pouze 4 dnyv týdnu'),
(149,	12,	122,	'pouze 4 dnyv týdnu'),
(150,	13,	123,	'pouze 4 dnyv týdnu'),
(151,	15,	124,	'pouze 4 dnyv týdnu'),
(152,	17,	125,	'pouze 4 dnyv týdnu'),
(153,	16,	126,	'pouze 4 dnyv týdnu'),
(154,	18,	127,	'pouze 4 dnyv týdnu'),
(155,	14,	128,	'pouze 4 dnyv týdnu'),
(156,	19,	129,	'pouze 4 dnyv týdnu'),
(182,	10,	152,	'720'),
(183,	11,	153,	'720'),
(184,	20,	154,	'720'),
(185,	12,	155,	'720'),
(186,	13,	156,	'720'),
(187,	15,	157,	'720'),
(188,	17,	158,	'720'),
(189,	16,	159,	'720'),
(190,	18,	160,	'720'),
(191,	14,	161,	'720'),
(192,	19,	162,	'720'),
(193,	10,	163,	'ne'),
(194,	10,	164,	'k zapůjčení na občanský průkaz'),
(195,	11,	165,	'k zapůjčení na občanský průkaz'),
(196,	20,	166,	'k zapůjčení na občanský průkaz'),
(197,	12,	167,	'k zapůjčení na občanský průkaz'),
(198,	13,	168,	'k zapůjčení na občanský průkaz'),
(199,	15,	169,	'k zapůjčení na občanský průkaz'),
(200,	17,	170,	'k zapůjčení na občanský průkaz'),
(201,	16,	171,	'k zapůjčení na občanský průkaz'),
(202,	18,	172,	'k zapůjčení na občanský průkaz'),
(203,	14,	173,	'k zapůjčení na občanský průkaz'),
(204,	19,	174,	'k zapůjčení na občanský průkaz'),
(205,	10,	175,	'18'),
(206,	10,	176,	'ano'),
(207,	10,	177,	'12.399 Kč'),
(208,	11,	178,	'12.399 Kč'),
(209,	20,	179,	'12.399 Kč'),
(210,	12,	180,	'12.399 Kč'),
(211,	13,	181,	'12.399 Kč'),
(212,	15,	182,	'12.399 Kč'),
(213,	17,	183,	'12.399 Kč'),
(214,	16,	184,	'12.399 Kč'),
(215,	18,	185,	'12.399 Kč'),
(216,	14,	186,	'12.399 Kč'),
(217,	19,	187,	'12.399 Kč'),
(218,	10,	188,	'130.999 Kč'),
(219,	11,	189,	'130.999 Kč'),
(220,	20,	190,	'130.999 Kč'),
(221,	12,	191,	'130.999 Kč'),
(222,	13,	192,	'130.999 Kč'),
(223,	15,	193,	'130.999 Kč'),
(224,	17,	194,	'130.999 Kč'),
(225,	16,	195,	'130.999 Kč'),
(226,	18,	196,	'130.999 Kč'),
(227,	14,	197,	'130.999 Kč'),
(228,	19,	198,	'130.999 Kč'),
(229,	11,	199,	'ne'),
(230,	20,	200,	'ne'),
(231,	12,	201,	'ne'),
(232,	13,	202,	'ne'),
(233,	15,	203,	'ne'),
(234,	17,	204,	'ne'),
(235,	16,	205,	'ne'),
(236,	18,	206,	'ne'),
(237,	14,	207,	'ne'),
(238,	19,	208,	'ne');

DROP TABLE IF EXISTS `backoffice_core_company_types`;
CREATE TABLE `backoffice_core_company_types` (
  `id` int(11) NOT NULL AUTO_INCREMENT,
  `title` varchar(255) DEFAULT NULL,
  PRIMARY KEY (`id`)
) ENGINE=InnoDB DEFAULT CHARSET=utf8;

INSERT INTO `backoffice_core_company_types` (`id`, `title`) VALUES
(1,	'Kancelář s pobočkami'),
(2,	'Jedna kancelář'),
(3,	'Frančíza');

DROP TABLE IF EXISTS `backoffice_core_contact_emails`;
CREATE TABLE `backoffice_core_contact_emails` (
  `id` int(11) NOT NULL AUTO_INCREMENT,
  `email` varchar(150) NOT NULL,
  `email_usage` enum('','Soukromy','Pracovni','Asistentka','Soukromy 2','Pracovni 2') DEFAULT NULL,
  `note` varchar(255) DEFAULT NULL,
  `user_id` int(11) NOT NULL,
  `primary_email` tinyint(1) DEFAULT NULL,
  PRIMARY KEY (`id`),
  KEY `user_id` (`user_id`),
  CONSTRAINT `backoffice_core_contact_emails_ibfk_1` FOREIGN KEY (`user_id`) REFERENCES `backoffice_core_users` (`id`) ON DELETE CASCADE ON UPDATE CASCADE
) ENGINE=InnoDB DEFAULT CHARSET=utf8;

INSERT INTO `backoffice_core_contact_emails` (`id`, `email`, `email_usage`, `note`, `user_id`, `primary_email`) VALUES
(1,	'yksipov@seznam.cz',	NULL,	NULL,	12,	1),
(2,	'ady@75l.cz',	NULL,	NULL,	13,	1),
(3,	'adam.vasicek@seznam.cz',	NULL,	NULL,	14,	1),
(7,	'tetovaci@mail.cz',	'Soukromy',	'testovaci zapis,jestli se obnovi log',	11,	0),
(8,	'druhy.testovaci@mail.com',	'Pracovni',	'snad?',	11,	0),
(14,	'adam.vasicek@mail.com',	NULL,	NULL,	21,	1);

DROP TABLE IF EXISTS `backoffice_core_contact_phones`;
CREATE TABLE `backoffice_core_contact_phones` (
  `id` int(11) NOT NULL AUTO_INCREMENT,
  `phone` varchar(15) NOT NULL,
  `phone_type` enum('','Mobilní','Pevná linka','Internetový','Satelitní','Zahraniční') NOT NULL,
  `phone_usage` enum('','Soukromý','Pracovní','Asistentka','Soukromý 2','Pracovní 2') NOT NULL,
  `note` varchar(255) DEFAULT NULL,
  `user_id` int(11) NOT NULL,
  `primary_phone` tinyint(1) DEFAULT NULL,
  PRIMARY KEY (`id`),
  KEY `user_id` (`user_id`),
  CONSTRAINT `backoffice_core_contact_phones_ibfk_1` FOREIGN KEY (`user_id`) REFERENCES `backoffice_core_users` (`id`) ON DELETE CASCADE ON UPDATE CASCADE
) ENGINE=InnoDB DEFAULT CHARSET=utf8;

INSERT INTO `backoffice_core_contact_phones` (`id`, `phone`, `phone_type`, `phone_usage`, `note`, `user_id`, `primary_phone`) VALUES
(1,	'777 111 999',	'',	'',	'',	11,	0);

DROP TABLE IF EXISTS `backoffice_core_countries`;
CREATE TABLE `backoffice_core_countries` (
  `id` int(11) NOT NULL AUTO_INCREMENT,
  `title` varchar(255) DEFAULT NULL,
  PRIMARY KEY (`id`)
) ENGINE=InnoDB DEFAULT CHARSET=utf8;

INSERT INTO `backoffice_core_countries` (`id`, `title`) VALUES
(1,	'Česká republika'),
(2,	'Slovensko'),
(3,	'Polsko'),
(4,	'Maďarsko');

DROP TABLE IF EXISTS `backoffice_core_employee_posts`;
CREATE TABLE `backoffice_core_employee_posts` (
  `id` int(11) NOT NULL AUTO_INCREMENT,
  `company_id` int(11) DEFAULT NULL,
  `title` varchar(255) DEFAULT NULL,
  `primary_post` int(11) DEFAULT NULL,
  PRIMARY KEY (`id`),
  KEY `company_id` (`company_id`),
  CONSTRAINT `backoffice_core_employee_posts_ibfk_1` FOREIGN KEY (`company_id`) REFERENCES `backoffice_core_companies` (`id`) ON DELETE CASCADE ON UPDATE CASCADE
) ENGINE=InnoDB DEFAULT CHARSET=utf8;

INSERT INTO `backoffice_core_employee_posts` (`id`, `company_id`, `title`, `primary_post`) VALUES
(21,	4,	'Majitel',	NULL),
(23,	4,	'Ředitel',	1),
(25,	4,	'Zaměstnanec',	NULL),
(33,	10,	'Generální ředitel',	1),
(37,	10,	'Programátor',	NULL),
(39,	10,	'Asistentka',	NULL),
(40,	10,	'HTML kóder',	NULL),
(42,	4,	'Asistentka',	NULL),
(43,	4,	'Skladník',	NULL),
(44,	4,	'Zametač',	NULL);

DROP TABLE IF EXISTS `backoffice_core_groups`;
CREATE TABLE `backoffice_core_groups` (
  `id` int(11) NOT NULL AUTO_INCREMENT,
  `title` varchar(50) NOT NULL,
  `description` text,
  `main_admin_user_id` int(11) DEFAULT NULL,
  `admin_add_user` tinyint(1) DEFAULT NULL,
  `admin_remove_user` tinyint(1) DEFAULT NULL,
  `admin_destroy_group` tinyint(1) DEFAULT NULL,
  `automatic` tinyint(1) DEFAULT NULL,
  `automatic_company_id` int(11) DEFAULT NULL,
  `created_at` datetime NOT NULL,
  `updated_at` datetime NOT NULL,
  PRIMARY KEY (`id`),
  KEY `fk_group_main_admin` (`main_admin_user_id`),
  KEY `fk_group_automatic_company` (`automatic_company_id`),
  CONSTRAINT `fk_group_automatic_company` FOREIGN KEY (`automatic_company_id`) REFERENCES `backoffice_core_companies` (`id`) ON DELETE CASCADE ON UPDATE CASCADE,
  CONSTRAINT `fk_group_main_admin` FOREIGN KEY (`main_admin_user_id`) REFERENCES `backoffice_core_users` (`id`) ON DELETE SET NULL ON UPDATE CASCADE
) ENGINE=InnoDB DEFAULT CHARSET=utf8;

INSERT INTO `backoffice_core_groups` (`id`, `title`, `description`, `main_admin_user_id`, `admin_add_user`, `admin_remove_user`, `admin_destroy_group`, `automatic`, `automatic_company_id`, `created_at`, `updated_at`) VALUES
(1,	'Moje první skupina',	'Toto je první testovací skupina, na které poznáme, jestli se uloží. Potom musím udělat JS a přidávání uživatelů :/',	11,	1,	1,	1,	NULL,	NULL,	'2013-03-17 17:45:19',	'2013-03-17 17:45:19'),
(3,	'Druhá skupina',	'Teď budu testovat zejména výpis groups#index.',	11,	0,	0,	0,	NULL,	NULL,	'2013-03-17 18:06:33',	'2013-03-17 18:06:33');

DROP TABLE IF EXISTS `backoffice_core_groups_users`;
CREATE TABLE `backoffice_core_groups_users` (
  `id` int(11) NOT NULL AUTO_INCREMENT,
  `group_id` int(11) DEFAULT NULL,
  `user_id` int(11) DEFAULT NULL,
  `admin` tinyint(1) DEFAULT NULL,
  `created_at` datetime NOT NULL,
  `updated_at` datetime NOT NULL,
  PRIMARY KEY (`id`),
  UNIQUE KEY `user_in_group` (`group_id`,`user_id`),
  KEY `fk_users` (`user_id`),
  CONSTRAINT `fk_groups` FOREIGN KEY (`group_id`) REFERENCES `backoffice_core_groups` (`id`) ON DELETE CASCADE ON UPDATE CASCADE,
  CONSTRAINT `fk_users` FOREIGN KEY (`user_id`) REFERENCES `backoffice_core_users` (`id`) ON DELETE CASCADE ON UPDATE CASCADE
) ENGINE=InnoDB DEFAULT CHARSET=utf8;


DROP TABLE IF EXISTS `backoffice_core_languages`;
CREATE TABLE `backoffice_core_languages` (
  `id` int(11) NOT NULL AUTO_INCREMENT,
  `title` varchar(255) DEFAULT NULL,
  PRIMARY KEY (`id`)
) ENGINE=InnoDB DEFAULT CHARSET=utf8;

INSERT INTO `backoffice_core_languages` (`id`, `title`) VALUES
(1,	'Česky'),
(2,	'Slovensky'),
(3,	'Polsky'),
(4,	'Maďarsky');

DROP TABLE IF EXISTS `backoffice_core_languages_users`;
CREATE TABLE `backoffice_core_languages_users` (
  `id` int(11) NOT NULL AUTO_INCREMENT,
  `language_id` int(11) DEFAULT NULL,
  `user_id` int(11) DEFAULT NULL,
  PRIMARY KEY (`id`),
  KEY `fk_languages_users_language` (`language_id`),
  KEY `user_id` (`user_id`),
  CONSTRAINT `backoffice_core_languages_users_ibfk_1` FOREIGN KEY (`user_id`) REFERENCES `backoffice_core_users` (`id`) ON DELETE CASCADE ON UPDATE CASCADE,
  CONSTRAINT `fk_languages_users_language` FOREIGN KEY (`language_id`) REFERENCES `backoffice_core_languages` (`id`)
) ENGINE=InnoDB DEFAULT CHARSET=utf8;


DROP TABLE IF EXISTS `backoffice_core_licenses`;
CREATE TABLE `backoffice_core_licenses` (
  `id` int(11) NOT NULL AUTO_INCREMENT,
  `title` varchar(30) DEFAULT NULL,
  `license_type` varchar(5) DEFAULT NULL,
  `price` int(11) DEFAULT NULL,
  `duration` varchar(5) DEFAULT 'year',
  `created_at` datetime NOT NULL,
  `updated_at` datetime NOT NULL,
  PRIMARY KEY (`id`)
) ENGINE=InnoDB DEFAULT CHARSET=utf8;

INSERT INTO `backoffice_core_licenses` (`id`, `title`, `license_type`, `price`, `duration`, `created_at`, `updated_at`) VALUES
(1,	'Demo účet',	'demo',	0,	'year',	'0000-00-00 00:00:00',	'0000-00-00 00:00:00'),
(2,	'Light',	'light',	500,	'year',	'0000-00-00 00:00:00',	'0000-00-00 00:00:00'),
(3,	'Full',	'full',	1000,	'year',	'0000-00-00 00:00:00',	'0000-00-00 00:00:00');

DROP TABLE IF EXISTS `backoffice_core_licenses_roles`;
CREATE TABLE `backoffice_core_licenses_roles` (
  `id` int(11) NOT NULL AUTO_INCREMENT,
  `license_id` int(11) DEFAULT NULL,
  `role_id` int(11) DEFAULT NULL,
  `created_at` datetime NOT NULL,
  `updated_at` datetime NOT NULL,
  PRIMARY KEY (`id`),
  UNIQUE KEY `uk_licenses_roles` (`license_id`,`role_id`),
  KEY `fk_licenses_roles_role` (`role_id`),
  CONSTRAINT `fk_licenses_roles_license` FOREIGN KEY (`license_id`) REFERENCES `backoffice_core_licenses` (`id`),
  CONSTRAINT `fk_licenses_roles_role` FOREIGN KEY (`role_id`) REFERENCES `backoffice_core_roles` (`id`)
) ENGINE=InnoDB DEFAULT CHARSET=utf8;

INSERT INTO `backoffice_core_licenses_roles` (`id`, `license_id`, `role_id`, `created_at`, `updated_at`) VALUES
(1,	1,	1,	'0000-00-00 00:00:00',	'0000-00-00 00:00:00'),
(2,	2,	1,	'0000-00-00 00:00:00',	'0000-00-00 00:00:00'),
(3,	2,	2,	'0000-00-00 00:00:00',	'0000-00-00 00:00:00'),
(4,	3,	1,	'0000-00-00 00:00:00',	'0000-00-00 00:00:00'),
(5,	3,	2,	'0000-00-00 00:00:00',	'0000-00-00 00:00:00'),
(6,	3,	3,	'0000-00-00 00:00:00',	'0000-00-00 00:00:00');

DROP TABLE IF EXISTS `backoffice_core_logs`;
CREATE TABLE `backoffice_core_logs` (
  `id` int(11) NOT NULL AUTO_INCREMENT,
  `title` varchar(255) DEFAULT NULL,
  `description` varchar(255) DEFAULT NULL,
  `user_id` int(11) DEFAULT NULL,
  `created_at` datetime NOT NULL,
  `updated_at` datetime NOT NULL,
  PRIMARY KEY (`id`),
  KEY `user_id` (`user_id`),
  CONSTRAINT `backoffice_core_logs_ibfk_1` FOREIGN KEY (`user_id`) REFERENCES `backoffice_core_users` (`id`) ON DELETE CASCADE ON UPDATE CASCADE
) ENGINE=InnoDB DEFAULT CHARSET=utf8;

INSERT INTO `backoffice_core_logs` (`id`, `title`, `description`, `user_id`, `created_at`, `updated_at`) VALUES
(13,	'Uživatel se zaregistroval, typ profilu: firemni.',	NULL,	11,	'2013-02-27 20:14:37',	'2013-02-27 20:14:37'),
(14,	'Uživatel aktivoval svůj účet.',	NULL,	11,	'2013-02-27 20:15:15',	'2013-02-27 20:15:15'),
(15,	'Uživatel se přihlásil',	NULL,	11,	'2013-02-27 20:15:28',	'2013-02-27 20:15:28'),
(16,	'Uživatel započal nastavení společnosti.',	NULL,	11,	'2013-02-27 22:26:51',	'2013-02-27 22:26:51'),
(17,	'Uživatel započal nastavení společnosti.',	NULL,	11,	'2013-02-27 22:27:38',	'2013-02-27 22:27:38'),
(18,	'Uživatel započal nastavení společnosti.',	NULL,	11,	'2013-02-27 22:38:13',	'2013-02-27 22:38:13'),
(19,	'Uživatel započal nastavení společnosti.',	NULL,	11,	'2013-02-27 23:28:24',	'2013-02-27 23:28:24'),
(20,	'Uživatel uložil popis společnosti (2. krok nastavení).',	NULL,	11,	'2013-02-27 23:42:01',	'2013-02-27 23:42:01'),
(24,	'Uživatel se přihlásil',	NULL,	11,	'2013-02-28 00:43:07',	'2013-02-28 00:43:07'),
(25,	'Uživatel započal nastavení společnosti (1. krok nastavení).',	NULL,	11,	'2013-02-28 00:43:14',	'2013-02-28 00:43:14'),
(26,	'Uživatel uložil popis společnosti (2. krok nastavení).',	NULL,	11,	'2013-02-28 00:43:22',	'2013-02-28 00:43:22'),
(27,	'Uživatel započal nastavení společnosti (1. krok nastavení).',	NULL,	11,	'2013-02-28 01:05:14',	'2013-02-28 01:05:14'),
(28,	'Uživatel uložil popis společnosti (2. krok nastavení).',	NULL,	11,	'2013-02-28 01:05:23',	'2013-02-28 01:05:23'),
(29,	'Uživatel započal nastavení společnosti (1. krok nastavení).',	NULL,	11,	'2013-02-28 01:06:03',	'2013-02-28 01:06:03'),
(30,	'Uživatel uložil popis společnosti (2. krok nastavení).',	NULL,	11,	'2013-02-28 01:06:08',	'2013-02-28 01:06:08'),
(31,	'Uživatel započal nastavení společnosti (1. krok nastavení).',	NULL,	11,	'2013-02-28 01:10:43',	'2013-02-28 01:10:43'),
(32,	'Uživatel uložil popis společnosti (2. krok nastavení).',	NULL,	11,	'2013-02-28 01:10:46',	'2013-02-28 01:10:46'),
(33,	'Uživatel uložil popis společnosti (2. krok nastavení).',	NULL,	11,	'2013-02-28 01:14:16',	'2013-02-28 01:14:16'),
(34,	'Uživatel uložil popis společnosti (2. krok nastavení).',	NULL,	11,	'2013-02-28 01:15:40',	'2013-02-28 01:15:40'),
(35,	'Uživatel započal nastavení společnosti (1. krok nastavení).',	NULL,	11,	'2013-02-28 01:25:54',	'2013-02-28 01:25:54'),
(36,	'Uživatel uložil popis společnosti (2. krok nastavení).',	NULL,	11,	'2013-02-28 01:26:01',	'2013-02-28 01:26:01'),
(37,	'Uživatel započal nastavení společnosti (1. krok nastavení).',	NULL,	11,	'2013-02-28 01:30:46',	'2013-02-28 01:30:46'),
(38,	'Uživatel uložil popis společnosti (2. krok nastavení).',	NULL,	11,	'2013-02-28 01:30:55',	'2013-02-28 01:30:55'),
(39,	'Uživatel započal nastavení společnosti (1. krok nastavení).',	NULL,	11,	'2013-02-28 01:33:38',	'2013-02-28 01:33:38'),
(40,	'Uživatel uložil popis společnosti (2. krok nastavení).',	NULL,	11,	'2013-02-28 01:33:43',	'2013-02-28 01:33:43'),
(41,	'Uživatel uložil funkce ve společnosti (3. krok nastavení)',	NULL,	11,	'2013-02-28 01:33:47',	'2013-02-28 01:33:47'),
(42,	'Uživatel započal nastavení společnosti (1. krok nastavení).',	NULL,	11,	'2013-02-28 01:36:15',	'2013-02-28 01:36:15'),
(43,	'Uživatel uložil popis společnosti (2. krok nastavení).',	NULL,	11,	'2013-02-28 01:36:25',	'2013-02-28 01:36:25'),
(44,	'Uživatel uložil funkce ve společnosti (3. krok nastavení)',	NULL,	11,	'2013-02-28 01:36:31',	'2013-02-28 01:36:31'),
(45,	'Uživatel započal nastavení společnosti (1. krok nastavení).',	NULL,	11,	'2013-02-28 01:42:24',	'2013-02-28 01:42:24'),
(46,	'Uživatel uložil popis společnosti (2. krok nastavení).',	NULL,	11,	'2013-02-28 02:04:14',	'2013-02-28 02:04:14'),
(47,	'Uživatel započal nastavení společnosti (1. krok nastavení).',	NULL,	11,	'2013-02-28 02:09:13',	'2013-02-28 02:09:13'),
(48,	'Uživatel uložil popis společnosti (2. krok nastavení).',	NULL,	11,	'2013-02-28 02:09:21',	'2013-02-28 02:09:21'),
(49,	'Uživatel uložil funkce ve společnosti (3. krok nastavení)',	NULL,	11,	'2013-02-28 02:10:25',	'2013-02-28 02:10:25'),
(50,	'Uživatel uložil funkce ve společnosti (3. krok nastavení)',	NULL,	11,	'2013-02-28 02:19:28',	'2013-02-28 02:19:28'),
(51,	'Uživatel uložil popis společnosti (2. krok nastavení).',	NULL,	11,	'2013-02-28 02:43:13',	'2013-02-28 02:43:13'),
(52,	'Uživatel uložil funkce ve společnosti (3. krok nastavení)',	NULL,	11,	'2013-02-28 02:43:15',	'2013-02-28 02:43:15'),
(53,	'Uživatel uložil funkce ve společnosti (3. krok nastavení)',	NULL,	11,	'2013-02-28 02:46:18',	'2013-02-28 02:46:18'),
(63,	'Uživatel se přihlásil',	NULL,	11,	'2013-02-28 09:51:00',	'2013-02-28 09:51:00'),
(74,	'Uživatel se přihlásil',	NULL,	11,	'2013-02-28 12:08:17',	'2013-02-28 12:08:17'),
(75,	'Uživatel započal nastavení společnosti (1. krok nastavení).',	NULL,	11,	'2013-02-28 12:14:50',	'2013-02-28 12:14:50'),
(76,	'Uživatel uložil popis společnosti (2. krok nastavení).',	NULL,	11,	'2013-02-28 12:15:01',	'2013-02-28 12:15:01'),
(77,	'Uživatel uložil funkce ve společnosti (3. krok nastavení)',	NULL,	11,	'2013-02-28 12:31:25',	'2013-02-28 12:31:25'),
(78,	'Uživatel uložil funkce ve společnosti (3. krok nastavení)',	NULL,	11,	'2013-02-28 12:31:42',	'2013-02-28 12:31:42'),
(79,	'Uživatel uložil funkce ve společnosti (3. krok nastavení)',	NULL,	11,	'2013-02-28 12:59:41',	'2013-02-28 12:59:41'),
(80,	'Uživatel uložil funkce ve společnosti (3. krok nastavení)',	NULL,	11,	'2013-02-28 12:59:59',	'2013-02-28 12:59:59'),
(84,	'Uživatel se přihlásil',	NULL,	11,	'2013-02-28 19:20:38',	'2013-02-28 19:20:38'),
(85,	'Uživatel započal nastavení společnosti (1. krok nastavení).',	NULL,	11,	'2013-02-28 19:20:48',	'2013-02-28 19:20:48'),
(86,	'Uživatel uložil popis společnosti (2. krok nastavení).',	NULL,	11,	'2013-02-28 21:20:35',	'2013-02-28 21:20:35'),
(87,	'Uživatel uložil popis společnosti (2. krok nastavení).',	NULL,	11,	'2013-02-28 21:37:33',	'2013-02-28 21:37:33'),
(88,	'Uživatel uložil popis společnosti (2. krok nastavení).',	NULL,	11,	'2013-02-28 21:40:34',	'2013-02-28 21:40:34'),
(89,	'Uživatel uložil popis společnosti (2. krok nastavení).',	NULL,	11,	'2013-02-28 21:40:50',	'2013-02-28 21:40:50'),
(90,	'Uživatel uložil popis společnosti (2. krok nastavení).',	NULL,	11,	'2013-02-28 21:47:52',	'2013-02-28 21:47:52'),
(91,	'Uživatel uložil popis společnosti (2. krok nastavení).',	NULL,	11,	'2013-02-28 21:49:43',	'2013-02-28 21:49:43'),
(92,	'Uživatel uložil popis společnosti (2. krok nastavení).',	NULL,	11,	'2013-02-28 21:49:54',	'2013-02-28 21:49:54'),
(93,	'Uživatel uložil popis společnosti (2. krok nastavení).',	NULL,	11,	'2013-02-28 21:50:39',	'2013-02-28 21:50:39'),
(94,	'Uživatel uložil popis společnosti (2. krok nastavení).',	NULL,	11,	'2013-02-28 21:51:14',	'2013-02-28 21:51:14'),
(95,	'Uživatel uložil popis společnosti (2. krok nastavení).',	NULL,	11,	'2013-02-28 21:51:40',	'2013-02-28 21:51:40'),
(96,	'Uživatel uložil popis společnosti (2. krok nastavení).',	NULL,	11,	'2013-02-28 21:52:02',	'2013-02-28 21:52:02'),
(97,	'Uživatel uložil popis společnosti (2. krok nastavení).',	NULL,	11,	'2013-02-28 21:52:43',	'2013-02-28 21:52:43'),
(98,	'Uživatel uložil popis společnosti (2. krok nastavení).',	NULL,	11,	'2013-02-28 21:53:23',	'2013-02-28 21:53:23'),
(99,	'Uživatel uložil popis společnosti (2. krok nastavení).',	NULL,	11,	'2013-02-28 21:55:14',	'2013-02-28 21:55:14'),
(100,	'Uživatel uložil popis společnosti (2. krok nastavení).',	NULL,	11,	'2013-02-28 23:03:30',	'2013-02-28 23:03:30'),
(101,	'Uživatel uložil popis společnosti (2. krok nastavení).',	NULL,	11,	'2013-02-28 23:17:59',	'2013-02-28 23:17:59'),
(102,	'Uživatel uložil popis společnosti (2. krok nastavení).',	NULL,	11,	'2013-02-28 23:18:13',	'2013-02-28 23:18:13'),
(103,	'Uživatel uložil popis společnosti (2. krok nastavení).',	NULL,	11,	'2013-02-28 23:18:36',	'2013-02-28 23:18:36'),
(104,	'Uživatel uložil popis společnosti (2. krok nastavení).',	NULL,	11,	'2013-02-28 23:23:22',	'2013-02-28 23:23:22'),
(105,	'Uživatel uložil popis společnosti (2. krok nastavení).',	NULL,	11,	'2013-02-28 23:31:19',	'2013-02-28 23:31:19'),
(106,	'Uživatel uložil popis společnosti (2. krok nastavení).',	NULL,	11,	'2013-02-28 23:32:10',	'2013-02-28 23:32:10'),
(107,	'Uživatel uložil popis společnosti (2. krok nastavení).',	NULL,	11,	'2013-02-28 23:32:36',	'2013-02-28 23:32:36'),
(108,	'Uživatel uložil popis společnosti (2. krok nastavení).',	NULL,	11,	'2013-02-28 23:52:35',	'2013-02-28 23:52:35'),
(109,	'Uživatel uložil popis společnosti (2. krok nastavení).',	NULL,	11,	'2013-03-01 00:00:39',	'2013-03-01 00:00:39'),
(110,	'Uživatel uložil popis společnosti (2. krok nastavení).',	NULL,	11,	'2013-03-01 00:06:20',	'2013-03-01 00:06:20'),
(111,	'Uživatel uložil popis společnosti (2. krok nastavení).',	NULL,	11,	'2013-03-01 00:09:00',	'2013-03-01 00:09:00'),
(112,	'Uživatel uložil popis společnosti (2. krok nastavení).',	NULL,	11,	'2013-03-01 00:09:08',	'2013-03-01 00:09:08'),
(113,	'Uživatel uložil popis společnosti (2. krok nastavení).',	NULL,	11,	'2013-03-01 00:09:16',	'2013-03-01 00:09:16'),
(114,	'Uživatel uložil popis společnosti (2. krok nastavení).',	NULL,	11,	'2013-03-01 00:10:08',	'2013-03-01 00:10:08'),
(115,	'Uživatel uložil popis společnosti (2. krok nastavení).',	NULL,	11,	'2013-03-01 00:14:48',	'2013-03-01 00:14:48'),
(116,	'Uživatel uložil popis společnosti (2. krok nastavení).',	NULL,	11,	'2013-03-01 00:15:30',	'2013-03-01 00:15:30'),
(117,	'Uživatel uložil popis společnosti (2. krok nastavení).',	NULL,	11,	'2013-03-01 00:18:50',	'2013-03-01 00:18:50'),
(118,	'Uživatel uložil popis společnosti (2. krok nastavení).',	NULL,	11,	'2013-03-01 00:31:23',	'2013-03-01 00:31:23'),
(119,	'Uživatel uložil popis společnosti (2. krok nastavení).',	NULL,	11,	'2013-03-01 00:35:16',	'2013-03-01 00:35:16'),
(120,	'Uživatel uložil popis společnosti (2. krok nastavení).',	NULL,	11,	'2013-03-01 00:37:09',	'2013-03-01 00:37:09'),
(121,	'Uživatel uložil popis společnosti (2. krok nastavení).',	NULL,	11,	'2013-03-01 00:38:25',	'2013-03-01 00:38:25'),
(122,	'Uživatel uložil popis společnosti (2. krok nastavení).',	NULL,	11,	'2013-03-01 00:38:47',	'2013-03-01 00:38:47'),
(123,	'Uživatel uložil popis společnosti (2. krok nastavení).',	NULL,	11,	'2013-03-01 00:38:58',	'2013-03-01 00:38:58'),
(124,	'Uživatel uložil popis společnosti (2. krok nastavení).',	NULL,	11,	'2013-03-01 00:39:45',	'2013-03-01 00:39:45'),
(125,	'Uživatel uložil popis společnosti (2. krok nastavení).',	NULL,	11,	'2013-03-01 00:40:00',	'2013-03-01 00:40:00'),
(126,	'Uživatel uložil popis společnosti (2. krok nastavení).',	NULL,	11,	'2013-03-01 00:40:53',	'2013-03-01 00:40:53'),
(127,	'Uživatel uložil popis společnosti (2. krok nastavení).',	NULL,	11,	'2013-03-01 00:41:12',	'2013-03-01 00:41:12'),
(128,	'Uživatel uložil popis společnosti (2. krok nastavení).',	NULL,	11,	'2013-03-01 00:41:29',	'2013-03-01 00:41:29'),
(129,	'Uživatel uložil popis společnosti (2. krok nastavení).',	NULL,	11,	'2013-03-01 00:43:39',	'2013-03-01 00:43:39'),
(130,	'Uživatel uložil popis společnosti (2. krok nastavení).',	NULL,	11,	'2013-03-01 00:57:04',	'2013-03-01 00:57:04'),
(131,	'Uživatel uložil popis společnosti (2. krok nastavení).',	NULL,	11,	'2013-03-01 00:59:40',	'2013-03-01 00:59:40'),
(132,	'Uživatel uložil popis společnosti (2. krok nastavení).',	NULL,	11,	'2013-03-01 01:04:01',	'2013-03-01 01:04:01'),
(133,	'Uživatel uložil funkce ve společnosti (3. krok nastavení)',	NULL,	11,	'2013-03-01 01:09:15',	'2013-03-01 01:09:15'),
(134,	'Uživatel uložil funkce ve společnosti (3. krok nastavení)',	NULL,	11,	'2013-03-01 01:09:22',	'2013-03-01 01:09:22'),
(135,	'Uživatel uložil popis společnosti (2. krok nastavení).',	NULL,	11,	'2013-03-01 01:12:46',	'2013-03-01 01:12:46'),
(136,	'Uživatel uložil funkce ve společnosti (3. krok nastavení)',	NULL,	11,	'2013-03-01 01:12:51',	'2013-03-01 01:12:51'),
(137,	'Uživatel uložil popis společnosti (2. krok nastavení).',	NULL,	11,	'2013-03-01 02:14:10',	'2013-03-01 02:14:10'),
(138,	'Uživatel uložil funkce ve společnosti (3. krok nastavení)',	NULL,	11,	'2013-03-01 02:14:12',	'2013-03-01 02:14:12'),
(141,	'Uživatel se přihlásil',	NULL,	11,	'2013-03-01 03:24:20',	'2013-03-01 03:24:20'),
(142,	'Uživatel započal nastavení společnosti (1. krok nastavení).',	NULL,	11,	'2013-03-01 03:24:28',	'2013-03-01 03:24:28'),
(151,	'Uživatel se přihlásil',	NULL,	11,	'2013-03-04 13:11:31',	'2013-03-04 13:11:31'),
(152,	'Uživatel započal nastavení společnosti (1. krok nastavení).',	NULL,	11,	'2013-03-04 13:11:37',	'2013-03-04 13:11:37'),
(153,	'Uživatel uložil popis společnosti (2. krok nastavení).',	NULL,	11,	'2013-03-04 13:11:41',	'2013-03-04 13:11:41'),
(154,	'Uživatel uložil funkce ve společnosti (3. krok nastavení)',	NULL,	11,	'2013-03-04 13:11:44',	'2013-03-04 13:11:44'),
(155,	'Uživatel uložil funkce ve společnosti (3. krok nastavení)',	NULL,	11,	'2013-03-04 15:04:53',	'2013-03-04 15:04:53'),
(218,	'Uživatel se přihlásil',	NULL,	11,	'2013-03-04 21:11:41',	'2013-03-04 21:11:41'),
(219,	'Uživatel se přihlásil',	NULL,	11,	'2013-03-04 21:14:03',	'2013-03-04 21:14:03'),
(220,	'Uživatel započal nastavení společnosti (1. krok nastavení).',	NULL,	11,	'2013-03-04 21:14:13',	'2013-03-04 21:14:13'),
(221,	'Uživatel uložil popis společnosti (2. krok nastavení).',	NULL,	11,	'2013-03-04 21:14:22',	'2013-03-04 21:14:22'),
(222,	'Uživatel uložil funkce ve společnosti (3. krok nastavení)',	NULL,	11,	'2013-03-04 21:14:48',	'2013-03-04 21:14:48'),
(223,	'Uživatel změnil nastavení svého profilu.',	NULL,	11,	'2013-03-04 21:15:10',	'2013-03-04 21:15:10'),
(224,	'Uživatel změnil nastavení svého profilu.',	NULL,	11,	'2013-03-04 21:15:29',	'2013-03-04 21:15:29'),
(225,	'Uživatel započal nastavení společnosti (1. krok nastavení).',	NULL,	11,	'2013-03-04 21:15:36',	'2013-03-04 21:15:36'),
(226,	'Uživatel uložil popis společnosti (2. krok nastavení).',	NULL,	11,	'2013-03-04 21:15:39',	'2013-03-04 21:15:39'),
(227,	'Uživatel uložil funkce ve společnosti (3. krok nastavení)',	NULL,	11,	'2013-03-04 21:15:43',	'2013-03-04 21:15:43'),
(228,	'Uživatel se přihlásil',	NULL,	11,	'2013-03-04 21:31:10',	'2013-03-04 21:31:10'),
(229,	'Uživatel započal nastavení společnosti (1. krok nastavení).',	NULL,	11,	'2013-03-04 21:31:17',	'2013-03-04 21:31:17'),
(230,	'Uživatel uložil popis společnosti (2. krok nastavení).',	NULL,	11,	'2013-03-04 21:31:21',	'2013-03-04 21:31:21'),
(231,	'Uživatel uložil funkce ve společnosti (3. krok nastavení)',	NULL,	11,	'2013-03-04 21:32:30',	'2013-03-04 21:32:30'),
(232,	'Uživatel uložil funkce ve společnosti (3. krok nastavení)',	NULL,	11,	'2013-03-04 21:56:12',	'2013-03-04 21:56:12'),
(233,	'Uživatel započal nastavení společnosti (1. krok nastavení).',	NULL,	11,	'2013-03-04 22:30:08',	'2013-03-04 22:30:08'),
(234,	'Uživatel uložil popis společnosti (2. krok nastavení).',	NULL,	11,	'2013-03-04 22:30:42',	'2013-03-04 22:30:42'),
(235,	'Uživatel uložil popis společnosti (2. krok nastavení).',	NULL,	11,	'2013-03-04 22:30:53',	'2013-03-04 22:30:53'),
(236,	'Uživatel uložil popis společnosti (2. krok nastavení).',	NULL,	11,	'2013-03-04 22:32:47',	'2013-03-04 22:32:47'),
(237,	'Uživatel změnil nastavení svého profilu.',	NULL,	11,	'2013-03-04 22:35:05',	'2013-03-04 22:35:05'),
(238,	'Uživatel započal nastavení společnosti (1. krok nastavení).',	NULL,	11,	'2013-03-04 22:35:13',	'2013-03-04 22:35:13'),
(239,	'Uživatel uložil popis společnosti (2. krok nastavení).',	NULL,	11,	'2013-03-04 22:35:18',	'2013-03-04 22:35:18'),
(240,	'Uživatel uložil funkce ve společnosti (3. krok nastavení)',	NULL,	11,	'2013-03-04 22:35:22',	'2013-03-04 22:35:22'),
(241,	'Uživatel uložil funkce ve společnosti (3. krok nastavení)',	NULL,	11,	'2013-03-04 22:42:21',	'2013-03-04 22:42:21'),
(242,	'Uživatel započal nastavení společnosti (1. krok nastavení).',	NULL,	11,	'2013-03-04 22:42:50',	'2013-03-04 22:42:50'),
(243,	'Uživatel uložil popis společnosti (2. krok nastavení).',	NULL,	11,	'2013-03-04 22:42:53',	'2013-03-04 22:42:53'),
(244,	'Uživatel uložil funkce ve společnosti (3. krok nastavení)',	NULL,	11,	'2013-03-04 22:42:56',	'2013-03-04 22:42:56'),
(245,	'Uživatel nastavil uživatele ve společnosti (4. krok nastavení)',	NULL,	11,	'2013-03-04 22:44:55',	'2013-03-04 22:44:55'),
(246,	'Uživatel se přihlásil',	NULL,	11,	'2013-03-05 09:34:18',	'2013-03-05 09:34:18'),
(247,	'Uživatel se přihlásil',	NULL,	11,	'2013-03-06 21:17:26',	'2013-03-06 21:17:26'),
(248,	'Uživatel se přihlásil',	NULL,	11,	'2013-03-07 08:19:50',	'2013-03-07 08:19:50'),
(249,	'Uživatel uložil popis společnosti (2. krok nastavení).',	NULL,	11,	'2013-03-07 09:08:05',	'2013-03-07 09:08:05'),
(250,	'Uživatel uložil funkce ve společnosti (3. krok nastavení)',	NULL,	11,	'2013-03-07 09:08:38',	'2013-03-07 09:08:38'),
(251,	'Uživatel nastavil uživatele ve společnosti (4. krok nastavení)',	NULL,	11,	'2013-03-07 09:13:27',	'2013-03-07 09:13:27'),
(252,	'Uživatel se přihlásil',	NULL,	11,	'2013-03-07 16:14:12',	'2013-03-07 16:14:12'),
(253,	'Uživatel uložil popis společnosti (2. krok nastavení).',	NULL,	11,	'2013-03-07 16:33:20',	'2013-03-07 16:33:20'),
(254,	'Uživatel uložil funkce ve společnosti (3. krok nastavení)',	NULL,	11,	'2013-03-07 16:33:26',	'2013-03-07 16:33:26'),
(255,	'Uživatel uložil popis společnosti (2. krok nastavení).',	NULL,	11,	'2013-03-07 17:39:21',	'2013-03-07 17:39:21'),
(256,	'Uživatel uložil popis společnosti (2. krok nastavení).',	NULL,	11,	'2013-03-07 18:47:41',	'2013-03-07 18:47:41'),
(257,	'Uživatel uložil popis společnosti (2. krok nastavení).',	NULL,	11,	'2013-03-07 18:48:04',	'2013-03-07 18:48:04'),
(258,	'Uživatel uložil popis společnosti (2. krok nastavení).',	NULL,	11,	'2013-03-07 18:48:20',	'2013-03-07 18:48:20'),
(259,	'Uživatel uložil popis společnosti (2. krok nastavení).',	NULL,	11,	'2013-03-07 18:48:48',	'2013-03-07 18:48:48'),
(260,	'Uživatel uložil popis společnosti (2. krok nastavení).',	NULL,	11,	'2013-03-07 18:49:09',	'2013-03-07 18:49:09'),
(261,	'Uživatel uložil funkce ve společnosti (3. krok nastavení)',	NULL,	11,	'2013-03-07 18:49:13',	'2013-03-07 18:49:13'),
(262,	'Uživatel se přihlásil',	NULL,	11,	'2013-03-08 10:06:38',	'2013-03-08 10:06:38'),
(263,	'Uživatel uložil popis společnosti (2. krok nastavení).',	NULL,	11,	'2013-03-08 14:45:01',	'2013-03-08 14:45:01'),
(264,	'Uživatel uložil funkce ve společnosti (3. krok nastavení)',	NULL,	11,	'2013-03-08 14:46:42',	'2013-03-08 14:46:42'),
(265,	'Uživatel uložil funkce ve společnosti (3. krok nastavení)',	NULL,	11,	'2013-03-08 15:13:26',	'2013-03-08 15:13:26'),
(266,	'Uživatel se přihlásil',	NULL,	11,	'2013-03-08 16:17:57',	'2013-03-08 16:17:57'),
(267,	'Uživatel uložil popis společnosti (2. krok nastavení).',	NULL,	11,	'2013-03-08 16:18:24',	'2013-03-08 16:18:24'),
(268,	'Uživatel uložil popis společnosti (2. krok nastavení).',	NULL,	11,	'2013-03-08 16:18:39',	'2013-03-08 16:18:39'),
(269,	'Uživatel uložil funkce ve společnosti (3. krok nastavení)',	NULL,	11,	'2013-03-08 16:18:43',	'2013-03-08 16:18:43'),
(270,	'Uživatel nastavil uživatele ve společnosti (4. krok nastavení)',	NULL,	11,	'2013-03-08 16:25:27',	'2013-03-08 16:25:27'),
(271,	'Uživatel nastavil uživatele ve společnosti (4. krok nastavení)',	NULL,	11,	'2013-03-08 16:28:41',	'2013-03-08 16:28:41'),
(272,	'Uživatel nastavil uživatele ve společnosti (4. krok nastavení)',	NULL,	11,	'2013-03-08 16:35:02',	'2013-03-08 16:35:02'),
(273,	'Uživatel aktivoval svůj účet.',	NULL,	13,	'2013-03-08 16:36:02',	'2013-03-08 16:36:02'),
(274,	'Uživatel se přihlásil',	NULL,	13,	'2013-03-08 16:36:37',	'2013-03-08 16:36:37'),
(275,	'Uživatel aktivoval svůj účet.',	NULL,	12,	'2013-03-08 16:37:39',	'2013-03-08 16:37:39'),
(276,	'Uživatel se přihlásil',	NULL,	12,	'2013-03-08 16:37:52',	'2013-03-08 16:37:52'),
(277,	'Uživatel aktivoval svůj účet.',	NULL,	14,	'2013-03-08 16:38:28',	'2013-03-08 16:38:28'),
(278,	'Uživatel se přihlásil',	NULL,	14,	'2013-03-08 16:38:42',	'2013-03-08 16:38:42'),
(279,	'Uživatel se přihlásil',	NULL,	11,	'2013-03-08 16:39:11',	'2013-03-08 16:39:11'),
(280,	'Uživatel uložil popis společnosti (2. krok nastavení).',	NULL,	11,	'2013-03-08 16:39:22',	'2013-03-08 16:39:22'),
(281,	'Uživatel uložil funkce ve společnosti (3. krok nastavení)',	NULL,	11,	'2013-03-08 16:39:24',	'2013-03-08 16:39:24'),
(282,	'Uživatel se přihlásil',	NULL,	14,	'2013-03-08 16:40:33',	'2013-03-08 16:40:33'),
(285,	'Uživatel se přihlásil',	NULL,	11,	'2013-03-08 16:41:50',	'2013-03-08 16:41:50'),
(286,	'Uživatel uložil popis společnosti (2. krok nastavení).',	NULL,	11,	'2013-03-08 16:43:40',	'2013-03-08 16:43:40'),
(287,	'Uživatel uložil funkce ve společnosti (3. krok nastavení)',	NULL,	11,	'2013-03-08 16:44:31',	'2013-03-08 16:44:31'),
(288,	'Uživatel uložil funkce ve společnosti (3. krok nastavení)',	NULL,	11,	'2013-03-08 16:49:59',	'2013-03-08 16:49:59'),
(289,	'Uživatel nastavil uživatele ve společnosti (4. krok nastavení)',	NULL,	11,	'2013-03-08 17:00:35',	'2013-03-08 17:00:35'),
(290,	'Uživatel přidal nový email.',	NULL,	11,	'2013-03-08 17:15:45',	'2013-03-08 17:15:45'),
(291,	'Uživatel přidal nový email.',	NULL,	11,	'2013-03-08 17:18:38',	'2013-03-08 17:18:38'),
(292,	'Uživatel přidal nové telefonní číslo.',	NULL,	11,	'2013-03-08 17:19:38',	'2013-03-08 17:19:38'),
(293,	'Uživatel se přihlásil',	NULL,	13,	'2013-03-08 17:38:46',	'2013-03-08 17:38:46'),
(294,	'Uživatel se přihlásil',	NULL,	11,	'2013-03-08 17:53:45',	'2013-03-08 17:53:45'),
(295,	'Uživatel se přihlásil',	NULL,	13,	'2013-03-08 17:55:36',	'2013-03-08 17:55:36'),
(296,	'Uživatel se přihlásil',	NULL,	11,	'2013-03-08 18:22:33',	'2013-03-08 18:22:33'),
(297,	'Uživatel se přihlásil',	NULL,	13,	'2013-03-08 19:01:19',	'2013-03-08 19:01:19'),
(298,	'Uživatel uložil popis společnosti (2. krok nastavení).',	NULL,	13,	'2013-03-08 19:01:54',	'2013-03-08 19:01:54'),
(299,	'Uživatel uložil funkce ve společnosti (3. krok nastavení)',	NULL,	13,	'2013-03-08 19:02:00',	'2013-03-08 19:02:00'),
(300,	'Uživatel se přihlásil',	NULL,	13,	'2013-03-09 23:42:45',	'2013-03-09 23:42:45'),
(301,	'Uživatel se přihlásil',	NULL,	13,	'2013-03-10 11:31:32',	'2013-03-10 11:31:32'),
(302,	'Uživatel se přihlásil',	NULL,	11,	'2013-03-10 20:49:45',	'2013-03-10 20:49:45'),
(303,	'Uživatel uložil popis společnosti (2. krok nastavení).',	NULL,	11,	'2013-03-10 21:13:05',	'2013-03-10 21:13:05'),
(304,	'Uživatel uložil popis společnosti (2. krok nastavení).',	NULL,	11,	'2013-03-10 21:15:32',	'2013-03-10 21:15:32'),
(305,	'Uživatel uložil popis společnosti (2. krok nastavení).',	NULL,	11,	'2013-03-10 21:16:08',	'2013-03-10 21:16:08'),
(306,	'Uživatel uložil popis společnosti (2. krok nastavení).',	NULL,	11,	'2013-03-10 21:16:26',	'2013-03-10 21:16:26'),
(307,	'Uživatel uložil popis společnosti (2. krok nastavení).',	NULL,	11,	'2013-03-10 21:18:01',	'2013-03-10 21:18:01'),
(308,	'Uživatel uložil popis společnosti (2. krok nastavení).',	NULL,	11,	'2013-03-10 21:19:56',	'2013-03-10 21:19:56'),
(309,	'Uživatel uložil popis společnosti (2. krok nastavení).',	NULL,	11,	'2013-03-10 21:23:37',	'2013-03-10 21:23:37'),
(310,	'Uživatel uložil popis společnosti (2. krok nastavení).',	NULL,	11,	'2013-03-10 21:24:07',	'2013-03-10 21:24:07'),
(311,	'Uživatel uložil popis společnosti (2. krok nastavení).',	NULL,	11,	'2013-03-10 21:33:54',	'2013-03-10 21:33:54'),
(312,	'Uživatel uložil popis společnosti (2. krok nastavení).',	NULL,	11,	'2013-03-10 21:35:10',	'2013-03-10 21:35:10'),
(313,	'Uživatel uložil popis společnosti (2. krok nastavení).',	NULL,	11,	'2013-03-10 21:37:08',	'2013-03-10 21:37:08'),
(314,	'Uživatel se přihlásil',	NULL,	11,	'2013-03-10 22:30:58',	'2013-03-10 22:30:58'),
(315,	'Uživatel uložil popis společnosti (2. krok nastavení).',	NULL,	11,	'2013-03-10 22:33:34',	'2013-03-10 22:33:34'),
(316,	'Uživatel uložil popis společnosti (2. krok nastavení).',	NULL,	11,	'2013-03-10 22:35:09',	'2013-03-10 22:35:09'),
(317,	'Uživatel uložil popis společnosti (2. krok nastavení).',	NULL,	11,	'2013-03-10 22:35:44',	'2013-03-10 22:35:44'),
(318,	'Uživatel uložil popis společnosti (2. krok nastavení).',	NULL,	11,	'2013-03-10 22:37:55',	'2013-03-10 22:37:55'),
(319,	'Uživatel se přihlásil',	NULL,	11,	'2013-03-11 08:47:34',	'2013-03-11 08:47:34'),
(320,	'Uživatel se přihlásil',	NULL,	11,	'2013-03-11 08:51:26',	'2013-03-11 08:51:26'),
(321,	'Uživatel uložil popis společnosti (2. krok nastavení).',	NULL,	11,	'2013-03-11 09:07:09',	'2013-03-11 09:07:09'),
(322,	'Uživatel uložil popis společnosti (2. krok nastavení).',	NULL,	11,	'2013-03-11 09:08:06',	'2013-03-11 09:08:06'),
(323,	'Uživatel uložil popis společnosti (2. krok nastavení).',	NULL,	11,	'2013-03-11 09:09:56',	'2013-03-11 09:09:56'),
(324,	'Uživatel uložil popis společnosti (2. krok nastavení).',	NULL,	11,	'2013-03-11 09:10:33',	'2013-03-11 09:10:33'),
(325,	'Uživatel uložil popis společnosti (2. krok nastavení).',	NULL,	11,	'2013-03-11 12:57:47',	'2013-03-11 12:57:47'),
(326,	'Uživatel uložil popis společnosti (2. krok nastavení).',	NULL,	11,	'2013-03-11 12:58:21',	'2013-03-11 12:58:21'),
(327,	'Uživatel uložil popis společnosti (2. krok nastavení).',	NULL,	11,	'2013-03-11 13:53:02',	'2013-03-11 13:53:02'),
(328,	'Uživatel uložil popis společnosti (2. krok nastavení).',	NULL,	11,	'2013-03-11 14:20:01',	'2013-03-11 14:20:01'),
(329,	'Uživatel uložil popis společnosti (2. krok nastavení).',	NULL,	11,	'2013-03-11 14:23:34',	'2013-03-11 14:23:34'),
(330,	'Uživatel uložil popis společnosti (2. krok nastavení).',	NULL,	11,	'2013-03-11 14:24:07',	'2013-03-11 14:24:07'),
(331,	'Uživatel uložil popis společnosti (2. krok nastavení).',	NULL,	11,	'2013-03-11 14:26:13',	'2013-03-11 14:26:13'),
(332,	'Uživatel uložil popis společnosti (2. krok nastavení).',	NULL,	11,	'2013-03-11 14:34:42',	'2013-03-11 14:34:42'),
(333,	'Uživatel uložil popis společnosti (2. krok nastavení).',	NULL,	11,	'2013-03-11 21:04:48',	'2013-03-11 21:04:48'),
(334,	'Uživatel uložil popis společnosti (2. krok nastavení).',	NULL,	11,	'2013-03-11 21:07:12',	'2013-03-11 21:07:12'),
(335,	'Uživatel uložil popis společnosti (2. krok nastavení).',	NULL,	11,	'2013-03-11 21:08:29',	'2013-03-11 21:08:29'),
(336,	'Uživatel uložil popis společnosti (2. krok nastavení).',	NULL,	11,	'2013-03-11 21:08:49',	'2013-03-11 21:08:49'),
(337,	'Uživatel uložil popis společnosti (2. krok nastavení).',	NULL,	11,	'2013-03-11 21:13:33',	'2013-03-11 21:13:33'),
(338,	'Uživatel uložil popis společnosti (2. krok nastavení).',	NULL,	11,	'2013-03-11 21:17:31',	'2013-03-11 21:17:31'),
(339,	'Uživatel uložil popis společnosti (2. krok nastavení).',	NULL,	11,	'2013-03-11 21:18:48',	'2013-03-11 21:18:48'),
(340,	'Uživatel uložil popis společnosti (2. krok nastavení).',	NULL,	11,	'2013-03-11 21:21:25',	'2013-03-11 21:21:25'),
(341,	'Uživatel uložil popis společnosti (2. krok nastavení).',	NULL,	11,	'2013-03-11 21:26:03',	'2013-03-11 21:26:03'),
(342,	'Uživatel uložil popis společnosti (2. krok nastavení).',	NULL,	11,	'2013-03-11 21:27:13',	'2013-03-11 21:27:13'),
(343,	'Uživatel uložil popis společnosti (2. krok nastavení).',	NULL,	11,	'2013-03-11 21:30:16',	'2013-03-11 21:30:16'),
(344,	'Uživatel uložil popis společnosti (2. krok nastavení).',	NULL,	11,	'2013-03-11 21:31:01',	'2013-03-11 21:31:01'),
(345,	'Uživatel uložil popis společnosti (2. krok nastavení).',	NULL,	11,	'2013-03-11 21:43:08',	'2013-03-11 21:43:08'),
(346,	'Uživatel uložil popis společnosti (2. krok nastavení).',	NULL,	11,	'2013-03-11 21:43:45',	'2013-03-11 21:43:45'),
(347,	'Uživatel uložil popis společnosti (2. krok nastavení).',	NULL,	11,	'2013-03-11 21:44:20',	'2013-03-11 21:44:20'),
(348,	'Uživatel uložil popis společnosti (2. krok nastavení).',	NULL,	11,	'2013-03-11 21:45:21',	'2013-03-11 21:45:21'),
(349,	'Uživatel uložil popis společnosti (2. krok nastavení).',	NULL,	11,	'2013-03-11 21:45:47',	'2013-03-11 21:45:47'),
(350,	'Uživatel uložil popis společnosti (2. krok nastavení).',	NULL,	11,	'2013-03-11 21:46:24',	'2013-03-11 21:46:24'),
(351,	'Uživatel uložil popis společnosti (2. krok nastavení).',	NULL,	11,	'2013-03-11 21:47:55',	'2013-03-11 21:47:55'),
(352,	'Uživatel uložil popis společnosti (2. krok nastavení).',	NULL,	11,	'2013-03-11 21:48:10',	'2013-03-11 21:48:10'),
(353,	'Uživatel uložil popis společnosti (2. krok nastavení).',	NULL,	11,	'2013-03-11 21:49:27',	'2013-03-11 21:49:27'),
(354,	'Uživatel uložil popis společnosti (2. krok nastavení).',	NULL,	11,	'2013-03-11 21:51:01',	'2013-03-11 21:51:01'),
(355,	'Uživatel uložil popis společnosti (2. krok nastavení).',	NULL,	11,	'2013-03-11 21:54:53',	'2013-03-11 21:54:53'),
(356,	'Uživatel uložil popis společnosti (2. krok nastavení).',	NULL,	11,	'2013-03-11 21:56:22',	'2013-03-11 21:56:22'),
(357,	'Uživatel uložil popis společnosti (2. krok nastavení).',	NULL,	11,	'2013-03-11 21:58:02',	'2013-03-11 21:58:02'),
(358,	'Uživatel uložil popis společnosti (2. krok nastavení).',	NULL,	11,	'2013-03-11 22:23:16',	'2013-03-11 22:23:16'),
(359,	'Uživatel uložil popis společnosti (2. krok nastavení).',	NULL,	11,	'2013-03-11 22:24:18',	'2013-03-11 22:24:18'),
(360,	'Uživatel uložil popis společnosti (2. krok nastavení).',	NULL,	11,	'2013-03-11 22:28:32',	'2013-03-11 22:28:32'),
(361,	'Uživatel uložil popis společnosti (2. krok nastavení).',	NULL,	11,	'2013-03-11 22:31:17',	'2013-03-11 22:31:17'),
(362,	'Uživatel uložil popis společnosti (2. krok nastavení).',	NULL,	11,	'2013-03-11 22:39:52',	'2013-03-11 22:39:52'),
(363,	'Uživatel uložil popis společnosti (2. krok nastavení).',	NULL,	11,	'2013-03-11 22:42:52',	'2013-03-11 22:42:52'),
(364,	'Uživatel uložil popis společnosti (2. krok nastavení).',	NULL,	11,	'2013-03-11 22:43:59',	'2013-03-11 22:43:59'),
(365,	'Uživatel uložil popis společnosti (2. krok nastavení).',	NULL,	11,	'2013-03-11 22:46:35',	'2013-03-11 22:46:35'),
(366,	'Uživatel uložil popis společnosti (2. krok nastavení).',	NULL,	11,	'2013-03-11 22:49:20',	'2013-03-11 22:49:20'),
(367,	'Uživatel uložil popis společnosti (2. krok nastavení).',	NULL,	11,	'2013-03-11 22:50:49',	'2013-03-11 22:50:49'),
(368,	'Uživatel uložil popis společnosti (2. krok nastavení).',	NULL,	11,	'2013-03-11 22:51:16',	'2013-03-11 22:51:16'),
(369,	'Uživatel uložil popis společnosti (2. krok nastavení).',	NULL,	11,	'2013-03-11 22:53:31',	'2013-03-11 22:53:31'),
(370,	'Uživatel uložil popis společnosti (2. krok nastavení).',	NULL,	11,	'2013-03-11 22:54:58',	'2013-03-11 22:54:58'),
(371,	'Uživatel uložil popis společnosti (2. krok nastavení).',	NULL,	11,	'2013-03-11 23:01:22',	'2013-03-11 23:01:22'),
(372,	'Uživatel uložil popis společnosti (2. krok nastavení).',	NULL,	11,	'2013-03-11 23:02:55',	'2013-03-11 23:02:55'),
(373,	'Uživatel uložil popis společnosti (2. krok nastavení).',	NULL,	11,	'2013-03-11 23:06:24',	'2013-03-11 23:06:24'),
(374,	'Uživatel uložil popis společnosti (2. krok nastavení).',	NULL,	11,	'2013-03-11 23:09:46',	'2013-03-11 23:09:46'),
(375,	'Uživatel uložil popis společnosti (2. krok nastavení).',	NULL,	11,	'2013-03-11 23:10:18',	'2013-03-11 23:10:18'),
(376,	'Uživatel uložil popis společnosti (2. krok nastavení).',	NULL,	11,	'2013-03-11 23:13:21',	'2013-03-11 23:13:21'),
(377,	'Uživatel uložil popis společnosti (2. krok nastavení).',	NULL,	11,	'2013-03-13 18:24:16',	'2013-03-13 18:24:16'),
(378,	'Uživatel uložil popis společnosti (2. krok nastavení).',	NULL,	11,	'2013-03-13 18:24:52',	'2013-03-13 18:24:52'),
(379,	'Uživatel uložil popis společnosti (2. krok nastavení).',	NULL,	11,	'2013-03-13 18:26:12',	'2013-03-13 18:26:12'),
(380,	'Uživatel uložil popis společnosti (2. krok nastavení).',	NULL,	11,	'2013-03-13 18:26:38',	'2013-03-13 18:26:38'),
(381,	'Uživatel uložil popis společnosti (2. krok nastavení).',	NULL,	11,	'2013-03-13 18:27:33',	'2013-03-13 18:27:33'),
(382,	'Uživatel uložil popis společnosti (2. krok nastavení).',	NULL,	11,	'2013-03-13 18:30:56',	'2013-03-13 18:30:56'),
(383,	'Uživatel uložil popis společnosti (2. krok nastavení).',	NULL,	11,	'2013-03-13 18:32:49',	'2013-03-13 18:32:49'),
(384,	'Uživatel uložil popis společnosti (2. krok nastavení).',	NULL,	11,	'2013-03-13 18:34:29',	'2013-03-13 18:34:29'),
(385,	'Uživatel uložil popis společnosti (2. krok nastavení).',	NULL,	11,	'2013-03-13 18:36:45',	'2013-03-13 18:36:45'),
(386,	'Uživatel uložil popis společnosti (2. krok nastavení).',	NULL,	11,	'2013-03-13 18:38:16',	'2013-03-13 18:38:16'),
(387,	'Uživatel uložil popis společnosti (2. krok nastavení).',	NULL,	11,	'2013-03-13 18:39:08',	'2013-03-13 18:39:08'),
(388,	'Uživatel uložil popis společnosti (2. krok nastavení).',	NULL,	11,	'2013-03-13 18:40:38',	'2013-03-13 18:40:38'),
(389,	'Uživatel uložil popis společnosti (2. krok nastavení).',	NULL,	11,	'2013-03-13 18:41:24',	'2013-03-13 18:41:24'),
(390,	'Uživatel uložil popis společnosti (2. krok nastavení).',	NULL,	11,	'2013-03-13 18:45:45',	'2013-03-13 18:45:45'),
(391,	'Uživatel uložil popis společnosti (2. krok nastavení).',	NULL,	11,	'2013-03-13 18:49:51',	'2013-03-13 18:49:51'),
(392,	'Uživatel uložil popis společnosti (2. krok nastavení).',	NULL,	11,	'2013-03-13 18:53:01',	'2013-03-13 18:53:01'),
(393,	'Uživatel uložil popis společnosti (2. krok nastavení).',	NULL,	11,	'2013-03-13 18:53:17',	'2013-03-13 18:53:17'),
(394,	'Uživatel uložil popis společnosti (2. krok nastavení).',	NULL,	11,	'2013-03-13 18:53:49',	'2013-03-13 18:53:49'),
(395,	'Uživatel uložil popis společnosti (2. krok nastavení).',	NULL,	11,	'2013-03-13 18:58:47',	'2013-03-13 18:58:47'),
(396,	'Uživatel uložil popis společnosti (2. krok nastavení).',	NULL,	11,	'2013-03-13 19:05:54',	'2013-03-13 19:05:54'),
(397,	'Uživatel uložil popis společnosti (2. krok nastavení).',	NULL,	11,	'2013-03-13 19:06:56',	'2013-03-13 19:06:56'),
(398,	'Uživatel uložil popis společnosti (2. krok nastavení).',	NULL,	11,	'2013-03-13 19:14:00',	'2013-03-13 19:14:00'),
(399,	'Uživatel uložil popis společnosti (2. krok nastavení).',	NULL,	11,	'2013-03-13 19:16:17',	'2013-03-13 19:16:17'),
(400,	'Uživatel uložil popis společnosti (2. krok nastavení).',	NULL,	11,	'2013-03-13 19:18:43',	'2013-03-13 19:18:43'),
(401,	'Uživatel uložil popis společnosti (2. krok nastavení).',	NULL,	11,	'2013-03-13 19:19:20',	'2013-03-13 19:19:20'),
(402,	'Uživatel uložil popis společnosti (2. krok nastavení).',	NULL,	11,	'2013-03-13 19:21:11',	'2013-03-13 19:21:11'),
(403,	'Uživatel uložil popis společnosti (2. krok nastavení).',	NULL,	11,	'2013-03-13 19:21:53',	'2013-03-13 19:21:53'),
(404,	'Uživatel uložil popis společnosti (2. krok nastavení).',	NULL,	11,	'2013-03-13 19:23:26',	'2013-03-13 19:23:26'),
(405,	'Uživatel uložil popis společnosti (2. krok nastavení).',	NULL,	11,	'2013-03-13 19:24:24',	'2013-03-13 19:24:24'),
(406,	'Uživatel uložil popis společnosti (2. krok nastavení).',	NULL,	11,	'2013-03-13 19:25:49',	'2013-03-13 19:25:49'),
(407,	'Uživatel uložil popis společnosti (2. krok nastavení).',	NULL,	11,	'2013-03-13 19:27:21',	'2013-03-13 19:27:21'),
(408,	'Uživatel uložil popis společnosti (2. krok nastavení).',	NULL,	11,	'2013-03-13 19:29:42',	'2013-03-13 19:29:42'),
(409,	'Uživatel uložil popis společnosti (2. krok nastavení).',	NULL,	11,	'2013-03-13 19:33:37',	'2013-03-13 19:33:37'),
(410,	'Uživatel uložil popis společnosti (2. krok nastavení).',	NULL,	11,	'2013-03-13 19:34:53',	'2013-03-13 19:34:53'),
(411,	'Uživatel uložil popis společnosti (2. krok nastavení).',	NULL,	11,	'2013-03-13 19:36:43',	'2013-03-13 19:36:43'),
(412,	'Uživatel uložil popis společnosti (2. krok nastavení).',	NULL,	11,	'2013-03-13 19:37:13',	'2013-03-13 19:37:13'),
(413,	'Uživatel uložil funkce ve společnosti (3. krok nastavení)',	NULL,	11,	'2013-03-13 19:37:17',	'2013-03-13 19:37:17'),
(414,	'Uživatel nastavil uživatele ve společnosti (4. krok nastavení)',	NULL,	11,	'2013-03-13 20:04:20',	'2013-03-13 20:04:20'),
(415,	'Uživatel nastavil uživatele ve společnosti (4. krok nastavení)',	NULL,	11,	'2013-03-13 22:36:23',	'2013-03-13 22:36:23'),
(416,	'Uživatel nastavil uživatele ve společnosti (4. krok nastavení)',	NULL,	11,	'2013-03-13 23:56:32',	'2013-03-13 23:56:32'),
(417,	'Uživatel se přihlásil',	NULL,	11,	'2013-03-14 11:27:20',	'2013-03-14 11:27:20'),
(418,	'Uživatel se přihlásil',	NULL,	12,	'2013-03-14 12:20:26',	'2013-03-14 12:20:26'),
(419,	'Uživatel uložil popis společnosti (2. krok nastavení).',	NULL,	11,	'2013-03-14 15:54:09',	'2013-03-14 15:54:09'),
(420,	'Uživatel uložil funkce ve společnosti (3. krok nastavení)',	NULL,	11,	'2013-03-14 15:54:14',	'2013-03-14 15:54:14'),
(421,	'Uživatel nastavil uživatele ve společnosti (4. krok nastavení)',	NULL,	11,	'2013-03-14 15:57:30',	'2013-03-14 15:57:30'),
(422,	'Uživatel změnil nastavení svého profilu.',	NULL,	11,	'2013-03-14 19:37:48',	'2013-03-14 19:37:48'),
(423,	'Uživatel změnil nastavení svého profilu.',	NULL,	11,	'2013-03-14 20:17:16',	'2013-03-14 20:17:16'),
(424,	'Uživatel změnil nastavení svého profilu.',	NULL,	11,	'2013-03-14 20:19:11',	'2013-03-14 20:19:11'),
(425,	'Uživatel změnil nastavení svého profilu.',	NULL,	11,	'2013-03-14 20:25:24',	'2013-03-14 20:25:24'),
(426,	'Uživatel změnil nastavení svého profilu.',	NULL,	11,	'2013-03-14 20:26:59',	'2013-03-14 20:26:59'),
(427,	'Uživatel změnil nastavení svého profilu.',	NULL,	11,	'2013-03-14 20:30:20',	'2013-03-14 20:30:20'),
(428,	'Uživatel změnil nastavení svého profilu.',	NULL,	11,	'2013-03-14 20:30:58',	'2013-03-14 20:30:58'),
(429,	'Uživatel se přihlásil',	NULL,	11,	'2013-03-14 21:10:58',	'2013-03-14 21:10:58'),
(430,	'Uživatel si změnil heslo.',	NULL,	11,	'2013-03-14 21:18:46',	'2013-03-14 21:18:46'),
(431,	'Uživatel se přihlásil',	NULL,	11,	'2013-03-14 21:18:56',	'2013-03-14 21:18:56'),
(432,	'Uživatel si změnil heslo.',	NULL,	11,	'2013-03-14 21:19:06',	'2013-03-14 21:19:06'),
(433,	'Uživatel se přihlásil',	NULL,	11,	'2013-03-14 21:19:14',	'2013-03-14 21:19:14'),
(434,	'Chyba při pokusu o uložení nového hesla.',	NULL,	11,	'2013-03-14 21:26:54',	'2013-03-14 21:26:54'),
(435,	'Uživatel si změnil heslo.',	NULL,	11,	'2013-03-14 21:27:04',	'2013-03-14 21:27:04'),
(436,	'Uživatel si změnil heslo.',	NULL,	11,	'2013-03-14 21:32:18',	'2013-03-14 21:32:18'),
(437,	'Uživatel se přihlásil',	NULL,	11,	'2013-03-14 21:32:35',	'2013-03-14 21:32:35'),
(438,	'Chyba při pokusu o uložení nového hesla.',	NULL,	11,	'2013-03-14 21:32:46',	'2013-03-14 21:32:46'),
(439,	'Uživatel si změnil heslo.',	NULL,	11,	'2013-03-14 21:32:53',	'2013-03-14 21:32:53'),
(440,	'Chyba při pokusu o uložení nového hesla.',	NULL,	11,	'2013-03-14 21:34:26',	'2013-03-14 21:34:26'),
(441,	'Uživatel se přihlásil',	NULL,	12,	'2013-03-14 21:47:20',	'2013-03-14 21:47:20'),
(442,	'Uživatel si změnil heslo.',	NULL,	12,	'2013-03-14 21:47:39',	'2013-03-14 21:47:39'),
(443,	'Uživatel se přihlásil',	NULL,	12,	'2013-03-14 21:47:52',	'2013-03-14 21:47:52'),
(444,	'Uživatel se přihlásil',	NULL,	11,	'2013-03-14 21:48:08',	'2013-03-14 21:48:08'),
(445,	'Uživatel nastavil uživatele ve společnosti (4. krok nastavení)',	NULL,	11,	'2013-03-14 21:49:09',	'2013-03-14 21:49:09'),
(446,	'Uživatel se přihlásil',	NULL,	11,	'2013-03-15 09:51:10',	'2013-03-15 09:51:10'),
(447,	'Uživatel nastavil uživatele ve společnosti (4. krok nastavení)',	NULL,	11,	'2013-03-15 09:52:41',	'2013-03-15 09:52:41'),
(448,	'Uživatel nastavil uživatele ve společnosti (4. krok nastavení)',	NULL,	11,	'2013-03-15 10:00:43',	'2013-03-15 10:00:43'),
(453,	'Uživatel se přihlásil',	NULL,	11,	'2013-03-15 10:02:45',	'2013-03-15 10:02:45'),
(454,	'Uživatel nastavil uživatele ve společnosti (4. krok nastavení)',	NULL,	11,	'2013-03-15 10:03:07',	'2013-03-15 10:03:07'),
(455,	'Uživatel nastavil uživatele ve společnosti (4. krok nastavení)',	NULL,	11,	'2013-03-15 10:05:34',	'2013-03-15 10:05:34'),
(456,	'Uživatel nastavil uživatele ve společnosti (4. krok nastavení)',	NULL,	11,	'2013-03-15 10:06:16',	'2013-03-15 10:06:16'),
(457,	'Uživatel nastavil uživatele ve společnosti (4. krok nastavení)',	NULL,	11,	'2013-03-15 10:07:25',	'2013-03-15 10:07:25'),
(461,	'Uživatel se přihlásil',	NULL,	11,	'2013-03-16 13:05:33',	'2013-03-16 13:05:33'),
(462,	'Uživatel uložil popis společnosti (2. krok nastavení).',	NULL,	11,	'2013-03-16 13:08:33',	'2013-03-16 13:08:33'),
(463,	'Uživatel uložil funkce ve společnosti (3. krok nastavení)',	NULL,	11,	'2013-03-16 13:08:40',	'2013-03-16 13:08:40'),
(464,	'Uživatel uložil funkce ve společnosti (3. krok nastavení)',	NULL,	11,	'2013-03-16 13:08:47',	'2013-03-16 13:08:47'),
(465,	'Uživatel nastavil uživatele ve společnosti (4. krok nastavení)',	NULL,	11,	'2013-03-16 13:08:59',	'2013-03-16 13:08:59'),
(466,	'Uživatel nastavil uživatele ve společnosti (4. krok nastavení)',	NULL,	11,	'2013-03-16 13:35:15',	'2013-03-16 13:35:15'),
(467,	'Uživatel se přihlásil',	NULL,	14,	'2013-03-16 13:36:31',	'2013-03-16 13:36:31'),
(468,	'Uživatel si změnil heslo.',	NULL,	14,	'2013-03-16 13:36:41',	'2013-03-16 13:36:41'),
(470,	'Uživatel se přihlásil',	NULL,	11,	'2013-03-16 13:40:35',	'2013-03-16 13:40:35'),
(471,	'Uživatel nastavil uživatele ve společnosti (4. krok nastavení)',	NULL,	11,	'2013-03-16 13:41:50',	'2013-03-16 13:41:50'),
(472,	'Uživatel aktivoval svůj účet.',	NULL,	21,	'2013-03-16 13:43:39',	'2013-03-16 13:43:39'),
(473,	'Uživatel se přihlásil',	NULL,	21,	'2013-03-16 13:43:50',	'2013-03-16 13:43:50'),
(474,	'Uživatel si změnil heslo.',	NULL,	21,	'2013-03-16 13:43:58',	'2013-03-16 13:43:58'),
(475,	'Uživatel se přihlásil',	NULL,	21,	'2013-03-16 13:44:50',	'2013-03-16 13:44:50'),
(476,	'Uživatel se přihlásil',	NULL,	11,	'2013-03-17 15:13:33',	'2013-03-17 15:13:33'),
(477,	'Uživatel vytvořil skupinu Moje první skupina',	NULL,	NULL,	'2013-03-17 17:45:19',	'2013-03-17 17:45:19'),
(478,	'Uživatel vytvořil skupinu Moje první skupina',	NULL,	NULL,	'2013-03-17 17:46:37',	'2013-03-17 17:46:37'),
(479,	'Uživatel vytvořil skupinu Druhá skupina',	NULL,	NULL,	'2013-03-17 18:06:33',	'2013-03-17 18:06:33');

DROP TABLE IF EXISTS `backoffice_core_nationalities`;
CREATE TABLE `backoffice_core_nationalities` (
  `id` int(11) NOT NULL AUTO_INCREMENT,
  `title` varchar(255) DEFAULT NULL,
  PRIMARY KEY (`id`)
) ENGINE=InnoDB DEFAULT CHARSET=utf8;

INSERT INTO `backoffice_core_nationalities` (`id`, `title`) VALUES
(1,	'Ceska'),
(2,	'Slovenska'),
(3,	'Polska'),
(4,	'Madarska');

DROP TABLE IF EXISTS `backoffice_core_roles`;
CREATE TABLE `backoffice_core_roles` (
  `id` int(11) NOT NULL AUTO_INCREMENT,
  `name` varchar(50) DEFAULT NULL,
  `role_type` varchar(50) DEFAULT NULL,
  `created_at` datetime NOT NULL,
  `updated_at` datetime NOT NULL,
  PRIMARY KEY (`id`)
) ENGINE=InnoDB DEFAULT CHARSET=utf8;

INSERT INTO `backoffice_core_roles` (`id`, `name`, `role_type`, `created_at`, `updated_at`) VALUES
(1,	'Upravovat uživatele',	'manage_users',	'0000-00-00 00:00:00',	'0000-00-00 00:00:00'),
(2,	'Mazat uživatele',	'delete_users',	'0000-00-00 00:00:00',	'0000-00-00 00:00:00'),
(3,	'Zakladatel firmy',	'company_founder',	'0000-00-00 00:00:00',	'0000-00-00 00:00:00');

DROP TABLE IF EXISTS `backoffice_core_roles_users`;
CREATE TABLE `backoffice_core_roles_users` (
  `id` int(11) NOT NULL AUTO_INCREMENT,
  `user_id` int(11) DEFAULT NULL,
  `role_id` int(11) DEFAULT NULL,
  `automatic` tinyint(1) DEFAULT '0',
  `created_at` datetime NOT NULL,
  `updated_at` datetime NOT NULL,
  PRIMARY KEY (`id`),
  UNIQUE KEY `uk_users_roles` (`user_id`,`role_id`),
  KEY `fk_users_roles_role` (`role_id`),
  CONSTRAINT `backoffice_core_roles_users_ibfk_2` FOREIGN KEY (`user_id`) REFERENCES `backoffice_core_users` (`id`) ON DELETE CASCADE ON UPDATE CASCADE,
  CONSTRAINT `fk_users_roles_role` FOREIGN KEY (`role_id`) REFERENCES `backoffice_core_roles` (`id`)
) ENGINE=InnoDB DEFAULT CHARSET=utf8;

INSERT INTO `backoffice_core_roles_users` (`id`, `user_id`, `role_id`, `automatic`, `created_at`, `updated_at`) VALUES
(15,	11,	1,	1,	'0000-00-00 00:00:00',	'0000-00-00 00:00:00'),
(23,	11,	2,	0,	'0000-00-00 00:00:00',	'0000-00-00 00:00:00'),
(46,	11,	3,	0,	'0000-00-00 00:00:00',	'0000-00-00 00:00:00'),
(47,	12,	1,	1,	'0000-00-00 00:00:00',	'0000-00-00 00:00:00'),
(48,	13,	1,	1,	'0000-00-00 00:00:00',	'0000-00-00 00:00:00'),
(49,	14,	1,	1,	'0000-00-00 00:00:00',	'0000-00-00 00:00:00'),
(53,	13,	3,	0,	'0000-00-00 00:00:00',	'0000-00-00 00:00:00'),
(54,	13,	2,	0,	'0000-00-00 00:00:00',	'0000-00-00 00:00:00'),
(55,	21,	1,	1,	'0000-00-00 00:00:00',	'0000-00-00 00:00:00'),
(56,	21,	2,	1,	'0000-00-00 00:00:00',	'0000-00-00 00:00:00');

DROP TABLE IF EXISTS `backoffice_core_user_registrations`;
CREATE TABLE `backoffice_core_user_registrations` (
  `id` int(11) NOT NULL AUTO_INCREMENT,
  `title` varchar(255) DEFAULT NULL,
  PRIMARY KEY (`id`)
) ENGINE=InnoDB DEFAULT CHARSET=utf8;

INSERT INTO `backoffice_core_user_registrations` (`id`, `title`) VALUES
(1,	'osobní'),
(2,	'firemní');

DROP TABLE IF EXISTS `backoffice_core_users`;
CREATE TABLE `backoffice_core_users` (
  `id` int(11) NOT NULL AUTO_INCREMENT,
  `email` varchar(255) DEFAULT NULL,
  `password_digest` varchar(255) DEFAULT NULL,
  `renew_password_token` varchar(255) DEFAULT NULL,
  `name` varchar(255) DEFAULT NULL,
  `surname` varchar(255) DEFAULT NULL,
  `degree_before` varchar(255) DEFAULT NULL,
  `degree_after` varchar(255) DEFAULT NULL,
  `street` varchar(255) DEFAULT NULL,
  `house_number` varchar(255) DEFAULT NULL,
  `orientation_number` varchar(255) DEFAULT NULL,
  `postal_code` varchar(255) DEFAULT NULL,
  `country_id` int(11) DEFAULT NULL,
  `nationality_id` int(11) DEFAULT NULL,
  `license_id` int(11) DEFAULT NULL,
  `birth_date` date DEFAULT NULL,
  `ico` varchar(255) DEFAULT NULL,
  `dic` varchar(255) DEFAULT NULL,
  `www` varchar(255) DEFAULT NULL,
  `skype` varchar(255) DEFAULT NULL,
  `icq` varchar(255) DEFAULT NULL,
  `twitter` varchar(255) DEFAULT NULL,
  `fb` varchar(255) DEFAULT NULL,
  `motto` varchar(255) DEFAULT NULL,
  `description` varchar(255) DEFAULT NULL,
  `created_at` datetime NOT NULL,
  `updated_at` datetime NOT NULL,
  `active` tinyint(1) DEFAULT '0',
  `activation_code` varchar(40) DEFAULT NULL,
  `license_expiration` date DEFAULT NULL,
  `evidence_number` varchar(20) DEFAULT NULL,
  `employee_post_id` int(11) DEFAULT NULL,
  `company_id` int(11) DEFAULT NULL,
  `has_wife` tinyint(1) DEFAULT NULL,
  `has_partner` tinyint(1) DEFAULT NULL,
  `has_children` tinyint(1) DEFAULT NULL,
  `children_count` int(11) DEFAULT NULL,
  `has_pet` tinyint(1) DEFAULT NULL,
  `pet_race` varchar(255) DEFAULT NULL,
  `city` varchar(255) DEFAULT NULL,
  `user_registration_id` int(11) DEFAULT NULL,
  `last_logged` datetime DEFAULT NULL,
  `registered_by_chief` tinyint(1) DEFAULT NULL,
  `show_degree_before` tinyint(1) DEFAULT NULL,
  `show_degree_after` tinyint(1) DEFAULT NULL,
  `show_evidence_number` tinyint(1) DEFAULT NULL,
  `show_company` tinyint(1) DEFAULT NULL,
  `show_branch_office` tinyint(1) DEFAULT NULL,
  `show_address` tinyint(1) DEFAULT NULL,
  `show_motto` tinyint(1) DEFAULT NULL,
  `show_description` tinyint(1) DEFAULT NULL,
  PRIMARY KEY (`id`),
  UNIQUE KEY `index_backoffice_core_users_on_evidence_number` (`evidence_number`),
  KEY `fk_users_licenses` (`license_id`),
  KEY `fk_nationalities_users` (`nationality_id`),
  KEY `fk_countries_users` (`country_id`),
  KEY `fk_user_registration` (`user_registration_id`),
  KEY `company_id` (`company_id`),
  KEY `employee_post_id` (`employee_post_id`),
  CONSTRAINT `backoffice_core_users_ibfk_1` FOREIGN KEY (`company_id`) REFERENCES `backoffice_core_companies` (`id`) ON DELETE SET NULL ON UPDATE CASCADE,
  CONSTRAINT `backoffice_core_users_ibfk_3` FOREIGN KEY (`employee_post_id`) REFERENCES `backoffice_core_employee_posts` (`id`) ON DELETE SET NULL ON UPDATE CASCADE,
  CONSTRAINT `fk_countries_users` FOREIGN KEY (`country_id`) REFERENCES `backoffice_core_countries` (`id`),
  CONSTRAINT `fk_nationalities_users` FOREIGN KEY (`nationality_id`) REFERENCES `backoffice_core_nationalities` (`id`),
  CONSTRAINT `fk_users_licenses` FOREIGN KEY (`license_id`) REFERENCES `backoffice_core_licenses` (`id`),
  CONSTRAINT `fk_user_registration` FOREIGN KEY (`user_registration_id`) REFERENCES `backoffice_core_user_registrations` (`id`)
) ENGINE=InnoDB DEFAULT CHARSET=utf8;

INSERT INTO `backoffice_core_users` (`id`, `email`, `password_digest`, `renew_password_token`, `name`, `surname`, `degree_before`, `degree_after`, `street`, `house_number`, `orientation_number`, `postal_code`, `country_id`, `nationality_id`, `license_id`, `birth_date`, `ico`, `dic`, `www`, `skype`, `icq`, `twitter`, `fb`, `motto`, `description`, `created_at`, `updated_at`, `active`, `activation_code`, `license_expiration`, `evidence_number`, `employee_post_id`, `company_id`, `has_wife`, `has_partner`, `has_children`, `children_count`, `has_pet`, `pet_race`, `city`, `user_registration_id`, `last_logged`, `registered_by_chief`, `show_degree_before`, `show_degree_after`, `show_evidence_number`, `show_company`, `show_branch_office`, `show_address`, `show_motto`, `show_description`) VALUES
(11,	'adam.vasicek@gmail.com',	'$2a$10$GSUPGjusK6MUi9nLbUCkrumUJ..2Uc.CoT2t2ffa1m2ASsjZT2uiu',	NULL,	'Adam',	'Vašíček',	'Bc.',	'BLb.',	'',	'',	'',	'',	1,	1,	3,	NULL,	'',	'',	'',	'',	'',	'',	'',	'Happiness is only real when shared.',	'Vysoký, hodný, štíhlý, dochvilný, rozumný, loajální, příjemný.',	'2013-02-27 20:14:37',	'2013-03-17 15:13:33',	1,	NULL,	'2014-02-27',	'GŘAV',	33,	10,	0,	0,	0,	NULL,	0,	'',	'',	2,	'2013-03-17 16:13:33',	NULL,	1,	1,	1,	1,	1,	1,	1,	1),
(12,	'yksipov@seznam.cz',	'$2a$10$RJNIWBStTnVji16UrVvxPeIzXy6L2o/BYAWDrxQzqarhJpapywa0C',	NULL,	'Juraj',	'Yksipov',	NULL,	NULL,	NULL,	NULL,	NULL,	NULL,	NULL,	NULL,	3,	NULL,	NULL,	NULL,	NULL,	NULL,	NULL,	NULL,	NULL,	NULL,	NULL,	'2013-03-08 16:25:14',	'2013-03-14 21:47:52',	1,	NULL,	NULL,	NULL,	33,	11,	NULL,	NULL,	NULL,	NULL,	NULL,	NULL,	NULL,	2,	'2013-03-14 22:47:52',	1,	NULL,	NULL,	NULL,	NULL,	NULL,	NULL,	NULL,	NULL),
(13,	'ady@75l.cz',	'$2a$10$ZS98glwUdh3Pp4l/gMlqmOb3Oi.UkXJphOJqhMmUpgxBPFiff.lp6',	NULL,	'Ady\'s',	'Son',	NULL,	NULL,	NULL,	NULL,	NULL,	NULL,	NULL,	NULL,	1,	NULL,	NULL,	NULL,	NULL,	NULL,	NULL,	NULL,	NULL,	NULL,	NULL,	'2013-03-08 16:25:24',	'2013-03-10 11:31:32',	1,	NULL,	NULL,	NULL,	44,	4,	NULL,	NULL,	NULL,	NULL,	NULL,	NULL,	NULL,	2,	'2013-03-10 12:31:32',	1,	NULL,	NULL,	NULL,	NULL,	NULL,	NULL,	NULL,	NULL),
(14,	'adam.vasicek@seznam.cz',	'$2a$10$goJzAMGGDrBJCGfgHSHdQ.MbGF2/jtHE0fuLKLbu7qYNj.FJHixu.',	NULL,	'A.',	'Vašíček',	NULL,	NULL,	NULL,	NULL,	NULL,	NULL,	NULL,	NULL,	3,	NULL,	NULL,	NULL,	NULL,	NULL,	NULL,	NULL,	NULL,	NULL,	NULL,	'2013-03-08 16:28:34',	'2013-03-16 13:36:41',	1,	NULL,	NULL,	NULL,	33,	12,	NULL,	NULL,	NULL,	NULL,	NULL,	NULL,	NULL,	2,	'2013-03-16 14:36:31',	1,	NULL,	NULL,	NULL,	NULL,	NULL,	NULL,	NULL,	NULL),
(21,	'adam.vasicek@mail.com',	'$2a$10$1oElmGrMg/GEQQlX4e01zOwL42pGNHrZn65s/EeEE/rktinft76fG',	NULL,	'Ady\'s',	'Son',	NULL,	NULL,	NULL,	NULL,	NULL,	NULL,	NULL,	NULL,	2,	NULL,	NULL,	NULL,	NULL,	NULL,	NULL,	NULL,	NULL,	NULL,	NULL,	'2013-03-16 13:41:44',	'2013-03-16 13:44:50',	1,	NULL,	NULL,	NULL,	39,	207,	NULL,	NULL,	NULL,	NULL,	NULL,	NULL,	NULL,	2,	'2013-03-16 14:44:50',	1,	NULL,	NULL,	NULL,	NULL,	NULL,	NULL,	NULL,	NULL);

DROP TABLE IF EXISTS `schema_migrations`;
CREATE TABLE `schema_migrations` (
  `version` varchar(255) NOT NULL,
  UNIQUE KEY `unique_schema_migrations` (`version`)
) ENGINE=InnoDB DEFAULT CHARSET=utf8;

INSERT INTO `schema_migrations` (`version`) VALUES
('20130222190015'),
('20130222190016'),
('20130223111035'),
('20130223165950'),
('20130223165951'),
('20130224105834'),
('20130224105835'),
('20130224105836'),
('20130226190025'),
('20130226233147'),
('20130226233148'),
('20130226233149'),
('20130226233150'),
('20130226233151'),
('20130227000915'),
('20130227003439'),
('20130227012619'),
('20130227093540'),
('20130227153922'),
('20130227153923'),
('20130227181343'),
('20130227190116'),
('20130227200530'),
('20130227214453'),
('20130227230440'),
('20130227231826'),
('20130228202934'),
('20130228202935'),
('20130228220855'),
('20130228232713'),
('20130304144944'),
('20130305092629'),
('20130313211806'),
('20130314201110'),
('20130317144126'),
('20130317150012'),
('20130317151003'),
('20130317151728');

-- 2013-03-19 10:38:24

